Comp ratio,Temp,perturb,Accuracy,time_seconds
0.9,80,0.0005,0.1009,78.85280585289001
0.8,80,0.0005,0.1009,83.88864827156067
0.7,80,0.0005,0.1009,76.72430539131165
0.6,80,0.0005,0.1009,68.9712929725647
0.5,80,0.0005,0.0974,66.34384346008301
0.4,80,0.0005,0.1009,56.83349943161011
0.3,80,0.0005,0.1009,53.442349433898926
0.2,80,0.0005,0.1009,45.68327522277832
0.1,80,0.0005,0.1009,40.19172763824463
