P1,F
-5.0,79.0
-4.997999599919984,78.94000000240096
-4.995999199839968,78.8800240144048
-4.993998799759952,78.82007203601152
-4.991998399679936,78.76014406722112
-4.98999799959992,78.70024010803361
-4.987997599519904,78.64036015844897
-4.985997199439888,78.58050421846721
-4.983996799359872,78.52067228808835
-4.981996399279856,78.46086436731235
-4.97999599919984,78.40108045613924
-4.977995599119824,78.34132055456901
-4.975995199039808,78.28158466260166
-4.973994798959792,78.22187278023718
-4.971994398879776,78.16218490747559
-4.96999399879976,78.10252104431689
-4.967993598719744,78.04288119076105
-4.965993198639728,77.98326534680811
-4.963992798559712,77.92367351245804
-4.961992398479696,77.86410568771086
-4.95999199839968,77.80456187256655
-4.957991598319664,77.74504206702512
-4.955991198239648,77.68554627108658
-4.953990798159632,77.62607448475092
-4.951990398079616,77.56662670801813
-4.9499899979996,77.50720294088823
-4.947989597919584,77.44780318336122
-4.945989197839568,77.38842743543708
-4.943988797759552,77.32907569711581
-4.941988397679536,77.26974796839744
-4.93998799759952,77.21044424928193
-4.937987597519504,77.15116453976933
-4.935987197439488,77.09190883985958
-4.933986797359472,77.03267714955273
-4.931986397279456,76.97346946884876
-4.92998599719944,76.91428579774767
-4.927985597119424,76.85512613624945
-4.925985197039408,76.79599048435412
-4.923984796959392,76.73687884206167
-4.921984396879376,76.6777912093721
-4.91998399679936,76.6187275862854
-4.917983596719344,76.5596879728016
-4.915983196639328,76.50067236892068
-4.913982796559312,76.44168077464262
-4.911982396479296,76.38271318996746
-4.90998199639928,76.32376961489517
-4.907981596319264,76.26485004942576
-4.905981196239248,76.20595449355923
-4.903980796159232,76.1470829472956
-4.901980396079216,76.08823541063484
-4.8999799959992,76.02941188357696
-4.897979595919184,75.97061236612196
-4.895979195839168,75.91183685826982
-4.893978795759152,75.85308536002059
-4.891978395679136,75.79435787137423
-4.88997799559912,75.73565439233074
-4.887977595519104,75.67697492289015
-4.885977195439088,75.61831946305243
-4.883976795359072,75.5596880128176
-4.881976395279056,75.50108057218564
-4.87997599519904,75.44249714115657
-4.877975595119024,75.38393771973038
-4.875975195039008,75.32540230790707
-4.8739747949589916,75.26689090568664
-4.8719743948789755,75.20840351306909
-4.8699739947989595,75.1499401300544
-4.8679735947189435,75.09150075664262
-4.8659731946389275,75.03308539283371
-4.8639727945589115,74.97469403862767
-4.8619723944788955,74.91632669402453
-4.8599719943988795,74.85798335902427
-4.8579715943188635,74.79966403362688
-4.8559711942388475,74.74136871783237
-4.8539707941588315,74.68309741164074
-4.8519703940788155,74.62485011505201
-4.8499699939987995,74.56662682806615
-4.8479695939187835,74.50842755068317
-4.8459691938387675,74.45025228290307
-4.8439687937587514,74.39210102472585
-4.841968393678735,74.3339737761515
-4.839967993598719,74.27587053718004
-4.837967593518703,74.21779130781147
-4.835967193438687,74.15973608804576
-4.833966793358671,74.10170487788295
-4.831966393278655,74.04369767732301
-4.829965993198639,73.98571448636596
-4.827965593118623,73.92775530501179
-4.825965193038607,73.86982013326049
-4.823964792958591,73.81190897111208
-4.821964392878575,73.75402181856654
-4.819963992798559,73.69615867562389
-4.817963592718543,73.63831954228412
-4.815963192638527,73.58050441854724
-4.813962792558511,73.52271330441322
-4.811962392478495,73.46494619988209
-4.809961992398479,73.40720310495385
-4.807961592318463,73.34948401962848
-4.805961192238447,73.291788943906
-4.803960792158431,73.23411787778639
-4.801960392078415,73.17647082126966
-4.799959991998399,73.11884777435581
-4.797959591918383,73.06124873704486
-4.795959191838367,73.00367370933678
-4.793958791758351,72.94612269123158
-4.791958391678335,72.88859568272925
-4.789957991598319,72.83109268382981
-4.787957591518303,72.77361369453325
-4.785957191438287,72.71615871483958
-4.783956791358271,72.65872774474877
-4.781956391278255,72.60132078426086
-4.779955991198239,72.54393783337582
-4.777955591118223,72.48657889209368
-4.775955191038207,72.4292439604144
-4.773954790958191,72.371933038338
-4.771954390878175,72.31464612586448
-4.769953990798159,72.25738322299385
-4.767953590718143,72.2001443297261
-4.765953190638127,72.14292944606123
-4.763952790558112,72.08573857199927
-4.761952390478096,72.02857170754015
-4.75995199039808,71.97142885268394
-4.757951590318064,71.91431000743059
-4.755951190238048,71.85721517178013
-4.753950790158032,71.80014434573253
-4.751950390078016,71.74309752928782
-4.749949989998,71.686074722446
-4.747949589917984,71.62907592520706
-4.745949189837968,71.572101137571
-4.743948789757952,71.51515035953781
-4.741948389677936,71.45822359110751
-4.73994798959792,71.40132083228009
-4.737947589517904,71.34444208305554
-4.735947189437888,71.2875873434339
-4.733946789357872,71.23075661341511
-4.731946389277856,71.17394989299922
-4.72994598919784,71.1171671821862
-4.727945589117824,71.06040848097606
-4.725945189037808,71.0036737893688
-4.723944788957792,70.94696310736444
-4.721944388877776,70.89027643496293
-4.71994398879776,70.83361377216433
-4.717943588717744,70.7769751189686
-4.715943188637728,70.72036047537574
-4.713942788557712,70.66376984138577
-4.711942388477696,70.60720321699868
-4.70994198839768,70.55066060221446
-4.707941588317664,70.49414199703314
-4.705941188237648,70.4376474014547
-4.703940788157632,70.38117681547914
-4.701940388077616,70.32473023910644
-4.6999399879976,70.26830767233665
-4.697939587917584,70.2119091151697
-4.695939187837568,70.15553456760567
-4.693938787757552,70.0991840296445
-4.691938387677536,70.04285750128622
-4.68993798759752,69.98655498253082
-4.687937587517504,69.9302764733783
-4.685937187437488,69.87402197382866
-4.683936787357472,69.8177914838819
-4.681936387277456,69.76158500353802
-4.67993598719744,69.70540253279702
-4.677935587117424,69.6492440716589
-4.675935187037408,69.59310962012367
-4.673934786957392,69.53699917819131
-4.671934386877376,69.48091274586184
-4.66993398679736,69.42485032313525
-4.667933586717344,69.36881191001154
-4.665933186637328,69.3127975064907
-4.663932786557312,69.25680711257276
-4.661932386477296,69.20084072825767
-4.65993198639728,69.1448983535455
-4.657931586317264,69.08897998843618
-4.655931186237248,69.03308563292975
-4.653930786157232,68.9772152870262
-4.651930386077216,68.92136895072554
-4.6499299859972,68.86554662402774
-4.647929585917184,68.80974830693285
-4.645929185837168,68.75397399944082
-4.643928785757152,68.69822370155168
-4.641928385677136,68.64249741326542
-4.63992798559712,68.58679513458203
-4.637927585517104,68.53111686550153
-4.635927185437088,68.47546260602391
-4.633926785357072,68.41983235614917
-4.631926385277056,68.36422611587732
-4.62992598519704,68.30864388520833
-4.627925585117024,68.25308566414223
-4.625925185037008,68.19755145267901
-4.6239247849569916,68.14204125081869
-4.6219243848769755,68.08655505856122
-4.6199239847969595,68.03109287590665
-4.6179235847169435,67.97565470285495
-4.6159231846369275,67.92024053940615
-4.6139227845569115,67.8648503855602
-4.6119223844768955,67.80948424131716
-4.6099219843968795,67.754142106677
-4.6079215843168635,67.6988239816397
-4.6059211842368475,67.64352986620528
-4.6039207841568315,67.58825976037377
-4.6019203840768155,67.5330136641451
-4.5999199839967995,67.47779157751935
-4.5979195839167835,67.42259350049645
-4.5959191838367675,67.36741943307646
-4.5939187837567514,67.31226937525932
-4.591918383676735,67.2571433270451
-4.589917983596719,67.20204128843372
-4.587917583516703,67.14696325942525
-4.585917183436687,67.09190924001965
-4.583916783356671,67.03687923021693
-4.581916383276655,66.98187323001707
-4.579915983196639,66.92689123942012
-4.577915583116623,66.87193325842604
-4.575915183036607,66.81699928703485
-4.573914782956591,66.76208932524652
-4.571914382876575,66.7072033730611
-4.569913982796559,66.65234143047853
-4.567913582716543,66.59750349749886
-4.565913182636527,66.54268957412206
-4.563912782556511,66.48789966034815
-4.561912382476495,66.43313375617711
-4.559911982396479,66.37839186160897
-4.557911582316463,66.3236739766437
-4.555911182236447,66.26898010128131
-4.553910782156431,66.2143102355218
-4.551910382076415,66.15966437936518
-4.549909981996399,66.10504253281141
-4.547909581916383,66.05044469586056
-4.545909181836367,65.99587086851257
-4.543908781756351,65.94132105076747
-4.541908381676335,65.88679524262523
-4.539907981596319,65.8322934440859
-4.537907581516303,65.77781565514942
-4.535907181436287,65.72336187581585
-4.533906781356271,65.66893210608515
-4.531906381276255,65.61452634595733
-4.529905981196239,65.56014459543238
-4.527905581116223,65.50578685451033
-4.525905181036207,65.45145312319114
-4.523904780956191,65.39714340147486
-4.521904380876175,65.34285768936144
-4.519903980796159,65.28859598685091
-4.517903580716143,65.23435829394325
-4.515903180636127,65.18014461063848
-4.513902780556111,65.12595493693658
-4.511902380476095,65.07178927283756
-4.509901980396079,65.01764761834143
-4.507901580316063,64.96352997344817
-4.505901180236047,64.9094363381578
-4.503900780156031,64.85536671247033
-4.501900380076015,64.8013210963857
-4.499899979995999,64.74729948990398
-4.497899579915983,64.69330189302514
-4.495899179835967,64.63932830574916
-4.493898779755951,64.58537872807608
-4.491898379675935,64.53145316000587
-4.489897979595919,64.47755160153855
-4.487897579515903,64.4236740526741
-4.485897179435887,64.36982051341253
-4.483896779355871,64.31599098375386
-4.481896379275855,64.26218546369805
-4.479895979195839,64.20840395324514
-4.477895579115823,64.1546464523951
-4.475895179035807,64.10091296114794
-4.473894778955791,64.04720347950365
-4.471894378875775,63.993518007462264
-4.469893978795759,63.93985654502374
-4.467893578715743,63.886219092188114
-4.465893178635727,63.83260564895535
-4.463892778555711,63.779016215325484
-4.461892378475695,63.72545079129848
-4.459891978395679,63.671909376874375
-4.457891578315663,63.61839197205313
-4.455891178235647,63.56489857683479
-4.453890778155631,63.511429191219314
-4.451890378075615,63.45798381520673
-4.449889977995599,63.40456244879701
-4.447889577915583,63.35116509199019
-4.445889177835567,63.29779174478624
-4.443888777755551,63.244442407185176
-4.441888377675535,63.19111707918698
-4.439887977595519,63.13781576079168
-4.437887577515503,63.08453845199925
-4.435887177435487,63.031285152809716
-4.433886777355471,62.97805586322305
-4.431886377275455,62.92485058323927
-4.429885977195439,62.87166931285836
-4.427885577115423,62.81851205208035
-4.425885177035407,62.7653788009052
-4.423884776955391,62.712269559332945
-4.421884376875375,62.65918432736356
-4.419883976795359,62.606123104997074
-4.417883576715343,62.55308589223345
-4.415883176635327,62.50007268907272
-4.413882776555311,62.44708349551485
-4.411882376475295,62.394118311559886
-4.409881976395279,62.34117713720779
-4.407881576315263,62.28825997245858
-4.405881176235247,62.23536681731224
-4.403880776155231,62.1824976717688
-4.401880376075215,62.12965253582822
-4.399879975995199,62.07683140949054
-4.397879575915183,62.02403429275572
-4.395879175835167,61.971261185623796
-4.393878775755151,61.918512088094744
-4.391878375675135,61.86578700016858
-4.389877975595119,61.81308592184529
-4.387877575515103,61.76040885312489
-4.385877175435087,61.70775579400736
-4.383876775355071,61.655126744492726
-4.381876375275055,61.60252170458095
-4.379875975195039,61.54994067427208
-4.377875575115023,61.49738365356607
-4.375875175035007,61.44485064246295
-4.373874774954991,61.392341640962705
-4.371874374874975,61.339856649065354
-4.369873974794959,61.28739566677087
-4.367873574714943,61.23495869407928
-4.365873174634927,61.182545730990554
-4.363872774554911,61.13015677750472
-4.361872374474895,61.07779183362176
-4.359871974394879,61.02545089934169
-4.357871574314863,60.97313397466449
-4.355871174234847,60.92084105959019
-4.353870774154831,60.868572154118745
-4.351870374074815,60.816327258250205
-4.349869973994799,60.764106371984525
-4.347869573914783,60.71190949532174
-4.345869173834767,60.659736628261825
-4.3438687737547514,60.60758777080483
-4.341868373674735,60.555462922950674
-4.339867973594719,60.50336208469941
-4.337867573514703,60.45128525605102
-4.335867173434687,60.399232437005516
-4.333866773354671,60.34720362756289
-4.331866373274655,60.29519882772315
-4.329865973194639,60.24321803748629
-4.327865573114623,60.1912612568523
-4.325865173034607,60.1393284858212
-4.323864772954591,60.08741972439298
-4.321864372874575,60.03553497256764
-4.319863972794559,59.98367423034518
-4.317863572714543,59.9318374977256
-4.315863172634527,59.88002477470891
-4.313862772554511,59.82823606129509
-4.311862372474495,59.77647135748415
-4.309861972394479,59.7247306632761
-4.307861572314463,59.67301397867092
-4.305861172234447,59.62132130366862
-4.303860772154431,59.56965263826921
-4.301860372074415,59.51800798247268
-4.299859971994399,59.46638733627903
-4.297859571914383,59.41479069968826
-4.295859171834367,59.36321807270037
-4.293858771754351,59.31166945531536
-4.291858371674335,59.260144847533226
-4.289857971594319,59.20864424935398
-4.287857571514303,59.15716766077762
-4.285857171434287,59.10571508180413
-4.283856771354271,59.05428651243352
-4.281856371274255,59.002881952665795
-4.279855971194239,58.95150140250095
-4.277855571114223,58.90014486193899
-4.275855171034207,58.84881233097991
-4.273854770954191,58.797503809623706
-4.271854370874175,58.74621929787038
-4.269853970794159,58.69495879571995
-4.267853570714143,58.64372230317239
-4.265853170634127,58.592509820227704
-4.263852770554111,58.54132134688591
-4.261852370474095,58.490156883146994
-4.259851970394079,58.439016429010955
-4.257851570314063,58.3878999844778
-4.255851170234047,58.33680754954752
-4.253850770154031,58.28573912422013
-4.251850370074015,58.23469470849562
-4.249849969993999,58.18367430237399
-4.247849569913983,58.13267790585523
-4.245849169833967,58.081705518939366
-4.243848769753951,58.030757141626374
-4.241848369673935,57.979832773916264
-4.239847969593919,57.92893241580904
-4.237847569513903,57.87805606730468
-4.235847169433887,57.82720372840322
-4.233846769353871,57.77637539910463
-4.231846369273855,57.72557107940893
-4.229845969193839,57.674790769316104
-4.227845569113823,57.62403446882616
-4.225845169033807,57.5733021779391
-4.223844768953791,57.52259389665491
-4.221844368873775,57.47190962497361
-4.219843968793759,57.42124936289519
-4.217843568713743,57.37061311041965
-4.215843168633727,57.32000086754699
-4.213842768553711,57.26941263427721
-4.211842368473695,57.21884841061031
-4.209841968393679,57.1683081965463
-4.207841568313663,57.11779199208516
-4.205841168233647,57.0672997972269
-4.203840768153631,57.01683161197153
-4.201840368073615,56.96638743631904
-4.199839967993599,56.91596727026942
-4.197839567913583,56.86557111382269
-4.195839167833567,56.81519896697884
-4.193838767753551,56.76485082973787
-4.191838367673535,56.714526702099775
-4.189837967593519,56.664226584064565
-4.187837567513503,56.61395047563224
-4.185837167433487,56.56369837680279
-4.183836767353471,56.513470287576226
-4.181836367273455,56.463266207952536
-4.179835967193439,56.41308613793173
-4.177835567113423,56.36293007751381
-4.175835167033407,56.312798026698765
-4.173834766953391,56.2626899854866
-4.171834366873375,56.212605953877315
-4.169833966793359,56.162545931870916
-4.167833566713343,56.11250991946739
-4.165833166633327,56.06249791666676
-4.163832766553311,56.012509923469
-4.161832366473295,55.96254593987412
-4.159831966393279,55.912605965882115
-4.157831566313263,55.862690001493
-4.155831166233247,55.81279804670677
-4.153830766153231,55.76293010152341
-4.151830366073215,55.71308616594293
-4.149829965993199,55.66326623996534
-4.147829565913183,55.613470323590626
-4.145829165833167,55.563698416818795
-4.143828765753151,55.51395051964984
-4.141828365673135,55.46422663208377
-4.139827965593119,55.41452675412058
-4.137827565513103,55.36485088576027
-4.135827165433087,55.31519902700284
-4.133826765353071,55.265571177848294
-4.131826365273055,55.21596733829663
-4.129825965193039,55.16638750834784
-4.127825565113023,55.11683168800194
-4.125825165033007,55.06729987725891
-4.123824764952991,55.017792076118766
-4.121824364872975,54.968308284581504
-4.119823964792959,54.91884850264712
-4.117823564712943,54.86941273031562
-4.115823164632927,54.820000967587
-4.113822764552911,54.77061321446126
-4.111822364472895,54.721249470938396
-4.109821964392879,54.67190973701842
-4.107821564312863,54.62259401270132
-4.105821164232847,54.573302297987105
-4.103820764152831,54.524034592875765
-4.101820364072815,54.47479089736731
-4.099819963992799,54.42557121146174
-4.097819563912783,54.37637553515904
-4.095819163832767,54.32720386845923
-4.0938187637527506,54.2780562113623
-4.0918183636727345,54.22893256386824
-4.0898179635927185,54.179832925977074
-4.0878175635127025,54.13075729768878
-4.0858171634326865,54.08170567900338
-4.0838167633526705,54.03267806992085
-4.0818163632726545,53.983674470441194
-4.0798159631926385,53.93469488056443
-4.0778155631126225,53.885739300290545
-4.0758151630326065,53.83680772961954
-4.0738147629525905,53.78790016855141
-4.0718143628725745,53.73901661708617
-4.0698139627925585,53.69015707522381
-4.0678135627125425,53.64132154296432
-4.0658131626325265,53.59251002030772
-4.0638127625525104,53.543722507254
-4.061812362472494,53.49495900380316
-4.059811962392478,53.4462195099552
-4.057811562312462,53.39750402571012
-4.055811162232446,53.34881255106792
-4.05381076215243,53.30014508602861
-4.051810362072414,53.251501630592166
-4.049809961992398,53.202882184758614
-4.047809561912382,53.15428674852794
-4.045809161832366,53.10571532190014
-4.04380876175235,53.05716790487523
-4.041808361672334,53.0086444974532
-4.039807961592318,52.96014509963405
-4.037807561512302,52.91166971141778
-4.035807161432286,52.86321833280439
-4.03380676135227,52.814790963793875
-4.031806361272254,52.766387604386246
-4.029805961192238,52.7180082545815
-4.027805561112222,52.66965291437963
-4.025805161032206,52.62132158378065
-4.02380476095219,52.57301426278454
-4.021804360872174,52.52473095139131
-4.019803960792158,52.476471649600974
-4.017803560712142,52.42823635741351
-4.015803160632126,52.38002507482892
-4.01380276055211,52.33183780184722
-4.011802360472094,52.283674538468404
-4.009801960392078,52.23553528469246
-4.007801560312062,52.1874200405194
-4.005801160232046,52.139328805949226
-4.00380076015203,52.09126158098193
-4.001800360072014,52.043218365617506
-3.999799959991998,51.99519915985597
-3.997799559911982,51.94720396369732
-3.995799159831966,51.89923277714154
-3.99379875975195,51.851285600188646
-3.991798359671934,51.80336243283863
-3.989797959591918,51.7554632750915
-3.987797559511902,51.70758812694725
-3.985797159431886,51.659736988405875
-3.98379675935187,51.61190985946739
-3.981796359271854,51.56410674013178
-3.979795959191838,51.51632763039905
-3.977795559111822,51.4685725302692
-3.975795159031806,51.42084143974223
-3.97379475895179,51.37313435881815
-3.971794358871774,51.32545128749694
-3.969793958791758,51.27779222577862
-3.967793558711742,51.23015717366317
-3.965793158631726,51.18254613115061
-3.96379275855171,51.13495909824093
-3.961792358471694,51.08739607493413
-3.959791958391678,51.0398570612302
-3.957791558311662,50.992342057129164
-3.955791158231646,50.944851062631
-3.95379075815163,50.89738407773572
-3.951790358071614,50.849941102443324
-3.949789957991598,50.80252213675381
-3.947789557911582,50.75512718066717
-3.945789157831566,50.707756234183414
-3.94378875775155,50.66040929730254
-3.941788357671534,50.61308637002455
-3.939787957591518,50.56578745234943
-3.937787557511502,50.5185125442772
-3.935787157431486,50.47126164580785
-3.93378675735147,50.42403475694138
-3.931786357271454,50.37683187767779
-3.929785957191438,50.32965300801708
-3.927785557111422,50.28249814795925
-3.925785157031406,50.235367297504304
-3.92378475695139,50.18826045665224
-3.921784356871374,50.141177625403046
-3.919783956791358,50.09411880375674
-3.9177835567113424,50.04708399171333
-3.9157831566313264,50.00007318927278
-3.9137827565513104,49.953086396435125
-3.9117823564712944,49.90612361320034
-3.9097819563912783,49.859184839568435
-3.9077815563112623,49.812270075539416
-3.9057811562312463,49.76537932111328
-3.9037807561512303,49.71851257629002
-3.9017803560712143,49.67166984106964
-3.8997799559911983,49.62485111545214
-3.8977795559111823,49.57805639943752
-3.8957791558311663,49.53128569302579
-3.8937787557511503,49.48453899621693
-3.8917783556711343,49.437816309010955
-3.8897779555911183,49.39111763140786
-3.8877775555111023,49.344442963407644
-3.8857771554310863,49.29779230501031
-3.8837767553510703,49.25116565621586
-3.8817763552710542,49.20456301702429
-3.8797759551910382,49.157984387435604
-3.8777755551110222,49.11142976744979
-3.8757751550310062,49.06489915706686
-3.87377475495099,49.01839255628681
-3.871774354870974,48.971909965109646
-3.869773954790958,48.92545138353536
-3.867773554710942,48.87901681156396
-3.865773154630926,48.83260624919543
-3.86377275455091,48.78621969642978
-3.861772354470894,48.739857153267025
-3.859771954390878,48.69351861970714
-3.857771554310862,48.64720409575014
-3.855771154230846,48.600913581396014
-3.85377075415083,48.55464707664478
-3.851770354070814,48.508404581496414
-3.849769953990798,48.46218609595094
-3.847769553910782,48.41599162000834
-3.845769153830766,48.369821153668624
-3.84376875375075,48.32367469693179
-3.841768353670734,48.27755224979783
-3.839767953590718,48.23145381226676
-3.837767553510702,48.18537938433856
-3.835767153430686,48.139328966013245
-3.83376675335067,48.09330255729081
-3.831766353270654,48.04730015817126
-3.829765953190638,48.00132176865459
-3.827765553110622,47.955367388740804
-3.825765153030606,47.90943701842989
-3.82376475295059,47.86353065772186
-3.821764352870574,47.81764830661671
-3.819763952790558,47.77178996511444
-3.817763552710542,47.72595563321506
-3.815763152630526,47.680145310918554
-3.81376275255051,47.63435899822493
-3.811762352470494,47.588596695134186
-3.809761952390478,47.54285840164632
-3.807761552310462,47.49714411776134
-3.805761152230446,47.451453843479236
-3.8037607521504304,47.40578757880002
-3.8017603520704144,47.360145323723685
-3.7997599519903984,47.31452707825022
-3.7977595519103824,47.26893284237965
-3.7957591518303664,47.22336261611194
-3.7937587517503504,47.17781639944713
-3.7917583516703344,47.13229419238519
-3.7897579515903184,47.08679599492614
-3.7877575515103024,47.041321807069956
-3.7857571514302863,46.99587162881667
-3.7837567513502703,46.95044546016625
-3.7817563512702543,46.905043301118724
-3.7797559511902383,46.859665151674065
-3.7777555511102223,46.8143110118323
-3.7757551510302063,46.76898088159341
-3.7737547509501903,46.7236747609574
-3.7717543508701743,46.67839264992427
-3.7697539507901583,46.63313454849403
-3.7677535507101423,46.58790045666665
-3.7657531506301263,46.542690374442174
-3.7637527505501103,46.497504301820555
-3.7617523504700943,46.45234223880184
-3.7597519503900783,46.407204185385986
-3.7577515503100622,46.362090141573034
-3.7557511502300462,46.317000107362944
-3.7537507501500302,46.27193408275575
-3.7517503500700142,46.22689206775142
-3.749749949989998,46.18187406234998
-3.747749549909982,46.13688006655142
-3.745749149829966,46.091910080355746
-3.74374874974995,46.046964103762946
-3.741748349669934,46.002042136773035
-3.739747949589918,45.95714417938599
-3.737747549509902,45.91227023160184
-3.735747149429886,45.86742029342056
-3.73374674934987,45.82259436484217
-3.731746349269854,45.77779244586665
-3.729745949189838,45.733014536494025
-3.727745549109822,45.688260636724266
-3.725745149029806,45.6435307465574
-3.72374474894979,45.5988248659934
-3.721744348869774,45.5541429950323
-3.719743948789758,45.50948513367406
-3.717743548709742,45.464851281918726
-3.715743148629726,45.42024143976625
-3.71374274854971,45.37565560721667
-3.711742348469694,45.33109378426995
-3.709741948389678,45.28655597092614
-3.707741548309662,45.24204216718519
-3.705741148229646,45.19755237304713
-3.70374074814963,45.15308658851194
-3.701740348069614,45.108644813579645
-3.699739947989598,45.06422704825022
-3.697739547909582,45.019833292523685
-3.695739147829566,44.975463546400015
-3.69373874774955,44.93111780987925
-3.691738347669534,44.88679608296134
-3.689737947589518,44.84249836564633
-3.687737547509502,44.798224657934185
-3.685737147429486,44.75397495982494
-3.68373674734947,44.70974927131856
-3.681736347269454,44.665547592415066
-3.679735947189438,44.62136992311445
-3.677735547109422,44.57721626341672
-3.675735147029406,44.53308661332186
-3.67373474694939,44.4889809728299
-3.671734346869374,44.444899341940804
-3.669733946789358,44.4008417206546
-3.667733546709342,44.356808108971265
-3.665733146629326,44.31279850689082
-3.66373274654931,44.268812914413246
-3.661732346469294,44.22485133153857
-3.659731946389278,44.180913758266755
-3.657731546309262,44.13700019459784
-3.655731146229246,44.09311064053178
-3.65373074614923,44.049245096068624
-3.651730346069214,44.00540356120834
-3.649729945989198,43.961586035950944
-3.647729545909182,43.917792520296416
-3.645729145829166,43.874023014244784
-3.64372874574915,43.83027751779601
-3.641728345669134,43.786556030950145
-3.639727945589118,43.74285855370714
-3.637727545509102,43.699185086067025
-3.635727145429086,43.65553562802978
-3.63372674534907,43.611910179595434
-3.631726345269054,43.56830874076395
-3.629725945189038,43.52473131153536
-3.627725545109022,43.481177891909645
-3.625725145029006,43.43764848188682
-3.6237247449489898,43.39414308146686
-3.6217243448689738,43.350661690649794
-3.6197239447889578,43.3072043094356
-3.6177235447089418,43.2637709378243
-3.6157231446289257,43.22036157581586
-3.6137227445489097,43.176976223410314
-3.6117223444688937,43.133614880607645
-3.6097219443888777,43.090277547407865
-3.6077215443088617,43.04696422381095
-3.6057211442288457,43.00367490981693
-3.6037207441488297,42.96040960542578
-3.6017203440688137,42.91716831063752
-3.5997199439887977,42.873951025452136
-3.5977195439087817,42.83075774986964
-3.5957191438287657,42.78758848389001
-3.5937187437487497,42.74444322751328
-3.5917183436687337,42.70132198073941
-3.5897179435887177,42.65822474356844
-3.5877175435087016,42.61515151600033
-3.5857171434286856,42.57210229803513
-3.5837167433486696,42.52907708967278
-3.5817163432686536,42.486075890913334
-3.5797159431886376,42.443098701756746
-3.5777155431086216,42.40014552220306
-3.5757151430286056,42.357216352252244
-3.5737147429485896,42.314311191904316
-3.5717143428685736,42.271430041159256
-3.5697139427885576,42.22857290001709
-3.5677135427085416,42.185739768477795
-3.5657131426285256,42.142930646541394
-3.5637127425485096,42.100145534207854
-3.5617123424684936,42.05738443147721
-3.5597119423884775,42.01464733834944
-3.5577115423084615,41.97193425482456
-3.5557111422284455,41.92924518090255
-3.5537107421484295,41.88658011658343
-3.5517103420684135,41.843939061867175
-3.5497099419883975,41.80132201675382
-3.5477095419083815,41.75872898124333
-3.5457091418283655,41.71615995533573
-3.5437087417483495,41.673614939031005
-3.5417083416683335,41.63109393232917
-3.5397079415883175,41.58859693523021
-3.5377075415083015,41.54612394773414
-3.5357071414282855,41.50367496984093
-3.5337067413482695,41.46125000155062
-3.5317063412682534,41.41884904286318
-3.5297059411882374,41.376472093778624
-3.5277055411082214,41.33411915429694
-3.5257051410282054,41.29179022441816
-3.5237047409481894,41.24948530414224
-3.5217043408681734,41.20720439346921
-3.5197039407881574,41.16494749239905
-3.5177035407081414,41.122714600931786
-3.5157031406281254,41.08050571906739
-3.5137027405481094,41.03832084680589
-3.5117023404680934,40.996159984147255
-3.5097019403880774,40.95402313109151
-3.5077015403080614,40.911910287638634
-3.5057011402280454,40.86982145378865
-3.5037007401480293,40.82775662954154
-3.5017003400680133,40.78571581489732
-3.4996999399879973,40.74369900985597
-3.4976995399079813,40.70170621441751
-3.4956991398279653,40.65973742858193
-3.4936987397479493,40.61779265234923
-3.4916983396679333,40.5758718857194
-3.4896979395879173,40.53397512869247
-3.4876975395079013,40.4921023812684
-3.4856971394278853,40.45025364344723
-3.4836967393478693,40.408428915228924
-3.4816963392678533,40.36662819661351
-3.4796959391878373,40.324851487600974
-3.4776955391078213,40.283098788191325
-3.4756951390278052,40.24137009838454
-3.4736947389477892,40.19966541818065
-3.4716943388677732,40.15798474757963
-3.4696939387877572,40.116328086581504
-3.467693538707741,40.07469543518625
-3.465693138627725,40.033086793393885
-3.4636927385477096,39.991502161204394
-3.4616923384676936,39.949941538617786
-3.4596919383876776,39.90840492563406
-3.4576915383076616,39.86689232225321
-3.4556911382276456,39.825403728475244
-3.4536907381476296,39.783939144300156
-3.4516903380676136,39.74249856972795
-3.4496899379875976,39.701082004758625
-3.4476895379075816,39.65968944939218
-3.4456891378275656,39.618320903628614
-3.4436887377475496,39.576976367467935
-3.4416883376675336,39.53565584091013
-3.4396879375875176,39.49435932395521
-3.4376875375075016,39.45308681660317
-3.4356871374274855,39.41183831885401
-3.4336867373474695,39.37061383070773
-3.4316863372674535,39.32941335216433
-3.4296859371874375,39.28823688322381
-3.4276855371074215,39.24708442388618
-3.4256851370274055,39.20595597415142
-3.4236847369473895,39.16485153401955
-3.4216843368673735,39.123771103490554
-3.4196839367873575,39.082714682564436
-3.4176835367073415,39.04168227124121
-3.4156831366273255,39.00067386952085
-3.4136827365473095,38.95968947740338
-3.4116823364672935,38.91872909488879
-3.4096819363872775,38.87779272197708
-3.4076815363072614,38.83688035866825
-3.4056811362272454,38.7959920049623
-3.4036807361472294,38.75512766085924
-3.4016803360672134,38.71428732635905
-3.3996799359871974,38.67347100146174
-3.3976795359071814,38.63267868616732
-3.3956791358271654,38.591910380475774
-3.3936787357471494,38.55116608438711
-3.3916783356671334,38.510445797901326
-3.3896779355871174,38.46974952101842
-3.3876775355071014,38.429077253738406
-3.3856771354270854,38.388428996061265
-3.3836767353470694,38.347804747987006
-3.3816763352670534,38.30720450951562
-3.3796759351870374,38.266628280647126
-3.3776755351070213,38.226076061381505
-3.3756751350270053,38.18554785171877
-3.3736747349469893,38.145043651658916
-3.3716743348669733,38.10456346120194
-3.3696739347869573,38.06410728034785
-3.3676735347069413,38.02367510909663
-3.3656731346269253,37.9832669474483
-3.3636727345469093,37.942882795402845
-3.3616723344668933,37.90252265296027
-3.3596719343868773,37.86218652012058
-3.3576715343068613,37.82187439688377
-3.3556711342268453,37.781586283249844
-3.3536707341468293,37.7413221792188
-3.3516703340668133,37.70108208479063
-3.3496699339867977,37.66086599996535
-3.3476695339067817,37.620673924742945
-3.3456691338267657,37.58050585912342
-3.3436687337467497,37.54036180310678
-3.3416683336667337,37.500241756693015
-3.3396679335867177,37.46014571988213
-3.3376675335067016,37.42007369267413
-3.3356671334266856,37.38002567506901
-3.3336667333466696,37.340001667066765
-3.3316663332666536,37.300001668667406
-3.3296659331866376,37.26002567987093
-3.3276655331066216,37.220073700677325
-3.3256651330266056,37.18014573108661
-3.3236647329465896,37.14024177109877
-3.3216643328665736,37.100361820713815
-3.3196639327865576,37.060505879931746
-3.3176635327065416,37.020673948752545
-3.3156631326265256,36.98086602717623
-3.3136627325465096,36.9410821152028
-3.3116623324664936,36.90132221283225
-3.3096619323864775,36.861586320064575
-3.3076615323064615,36.82187443689979
-3.3056611322264455,36.78218656333788
-3.3036607321464295,36.742522699378846
-3.3016603320664135,36.7028828450227
-3.2996599319863975,36.663267000269435
-3.2976595319063815,36.623675165119046
-3.2956591318263655,36.58410733957154
-3.2936587317463495,36.54456352362691
-3.2916583316663335,36.50504371728517
-3.2896579315863175,36.46554792054631
-3.2876575315063015,36.42607613341032
-3.2856571314262855,36.38662835587722
-3.2836567313462695,36.347204587947
-3.2816563312662534,36.307804829619656
-3.2796559311862374,36.268429080895196
-3.2776555311062214,36.22907734177362
-3.2756551310262054,36.18974961225492
-3.2736547309461894,36.15044589233911
-3.2716543308661734,36.11116618202617
-3.2696539307861574,36.07191048131611
-3.2676535307061414,36.032678790208934
-3.2656531306261254,35.99347110870464
-3.2636527305461094,35.95428743680323
-3.2616523304660934,35.9151277745047
-3.2596519303860774,35.87599212180904
-3.2576515303060614,35.83688047871627
-3.2556511302260454,35.79779284522638
-3.2536507301460293,35.758729221339365
-3.2516503300660133,35.719689607055244
-3.2496499299859973,35.68067400237399
-3.2476495299059813,35.641682407295626
-3.2456491298259653,35.602714821820136
-3.2436487297459493,35.563771245947535
-3.2416483296659333,35.52485167967781
-3.2396479295859173,35.485956123010965
-3.2376475295059013,35.447084575947
-3.2356471294258853,35.408237038485915
-3.2336467293458693,35.36941351062771
-3.2316463292658533,35.33061399237239
-3.2296459291858373,35.29183848371995
-3.2276455291058213,35.25308698467039
-3.2256451290258052,35.21435949522371
-3.2236447289457892,35.175656015379914
-3.2216443288657732,35.13697654513899
-3.2196439287857572,35.09832108450096
-3.217643528705741,35.0596896334658
-3.215643128625725,35.02108219203353
-3.213642728545709,34.98249876020414
-3.211642328465693,34.94393933797762
-3.209641928385677,34.90540392535399
-3.207641528305661,34.86689252233323
-3.205641128225645,34.828405128915364
-3.203640728145629,34.78994174510037
-3.201640328065613,34.75150237088826
-3.199639927985597,34.71308700627903
-3.197639527905581,34.674695651272685
-3.195639127825565,34.63632830586921
-3.193638727745549,34.59798497006863
-3.191638327665533,34.55966564387092
-3.189637927585517,34.5213703272761
-3.187637527505501,34.48309902028416
-3.185637127425485,34.44485172289509
-3.183636727345469,34.40662843510891
-3.181636327265453,34.3684291569256
-3.179635927185437,34.33025388834518
-3.177635527105421,34.29210262936764
-3.175635127025405,34.25397537999298
-3.173634726945389,34.2158721402212
-3.171634326865373,34.177792910052304
-3.169633926785357,34.13973768948628
-3.167633526705341,34.10170647852315
-3.165633126625325,34.0636992771629
-3.163632726545309,34.02571608540552
-3.161632326465293,33.987756903251025
-3.159631926385277,33.94982173069941
-3.157631526305261,33.91191056775068
-3.155631126225245,33.874023414404824
-3.153630726145229,33.83616027066185
-3.151630326065213,33.798321136521764
-3.149629925985197,33.76050601198455
-3.147629525905181,33.722714897050224
-3.145629125825165,33.68494779171877
-3.143628725745149,33.64720469599021
-3.141628325665133,33.60948560986452
-3.139627925585117,33.57179053334171
-3.137627525505101,33.534119466421785
-3.135627125425085,33.49647240910474
-3.133626725345069,33.45884936139058
-3.131626325265053,33.421250323279295
-3.129625925185037,33.383675294770896
-3.127625525105021,33.34612427586538
-3.125625125025005,33.30859726656273
-3.123624724944989,33.271094266862974
-3.121624324864973,33.233615276766095
-3.119623924784957,33.1961602962721
-3.117623524704941,33.158729325380975
-3.115623124624925,33.12132236409274
-3.113622724544909,33.08393941240739
-3.111622324464893,33.04658047032491
-3.109621924384877,33.00924553784532
-3.107621524304861,32.9719346149686
-3.105621124224845,32.93464770169477
-3.103620724144829,32.897384798023815
-3.101620324064813,32.86014590395574
-3.099619923984797,32.822931019490554
-3.097619523904781,32.78574014462824
-3.095619123824765,32.74857327936881
-3.0936187237447488,32.711430423712265
-3.0916183236647328,32.6743115776586
-3.0896179235847168,32.63721674120781
-3.0876175235047008,32.6001459143599
-3.0856171234246847,32.56309909711488
-3.0836167233446687,32.52607628947273
-3.0816163232646527,32.48907749143347
-3.0796159231846367,32.45210270299709
-3.0776155231046207,32.41515192416358
-3.0756151230246047,32.37822515493296
-3.0736147229445887,32.34132239530523
-3.0716143228645727,32.30444364528036
-3.0696139227845567,32.267588904858385
-3.0676135227045407,32.23075817403928
-3.0656131226245247,32.19395145282307
-3.0636127225445087,32.15716874120973
-3.0616123224644927,32.12041003919927
-3.0596119223844767,32.08367534679169
-3.0576115223044606,32.046964663987005
-3.0556111222244446,32.01027799078519
-3.0536107221444286,31.973615327186256
-3.0516103220644126,31.936976673190205
-3.0496099219843966,31.900362028797034
-3.0476095219043806,31.863771394006744
-3.0456091218243646,31.827204768819332
-3.0436087217443486,31.790662153234802
-3.0416083216643326,31.754143547253154
-3.0396079215843166,31.717648950874388
-3.0376075215043006,31.6811783640985
-3.0356071214242846,31.644731786925494
-3.0336067213442686,31.60830921935537
-3.0316063212642526,31.571910661388124
-3.0296059211842365,31.53553611302376
-3.0276055211042205,31.499185574262277
-3.0256051210242045,31.462859045103674
-3.0236047209441885,31.42655652554795
-3.0216043208641725,31.39027801559511
-3.0196039207841565,31.354023515245153
-3.0176035207041405,31.317793024498073
-3.0156031206241245,31.281586543353875
-3.0136027205441085,31.245404071812555
-3.0116023204640925,31.20924560987412
-3.0096019203840765,31.173111157538564
-3.007601520304061,31.137000714805897
-3.005601120224045,31.1009142816761
-3.003600720144029,31.06485185814919
-3.001600320064013,31.028813444225154
-2.999599919983997,30.992799039904003
-2.997599519903981,30.95680864518573
-2.995599119823965,30.92084226007034
-2.993598719743949,30.884899884557832
-2.991598319663933,30.848981518648202
-2.989597919583917,30.813087162341454
-2.987597519503901,30.777216815637583
-2.985597119423885,30.7413704785366
-2.983596719343869,30.705548151038492
-2.981596319263853,30.669749833143268
-2.979595919183837,30.63397552485092
-2.977595519103821,30.598225226161457
-2.975595119023805,30.562498937074874
-2.973594718943789,30.526796657591174
-2.971594318863773,30.49111838771035
-2.969593918783757,30.45546412743241
-2.9675935187037408,30.419833876757348
-2.9655931186237248,30.38422763568517
-2.9635927185437088,30.348645404215873
-2.9615923184636928,30.313087182349452
-2.9595919183836767,30.277552970085917
-2.9575915183036607,30.24204276742526
-2.9555911182236447,30.206556574367486
-2.9535907181436287,30.17109439091259
-2.9515903180636127,30.13565621706058
-2.9495899179835967,30.100242052811442
-2.9475895179035807,30.06485189816519
-2.9455891178235647,30.02948575312182
-2.9435887177435487,29.994143617681328
-2.9415883176635327,29.95882549184372
-2.9395879175835167,29.923531375608988
-2.9375875175035007,29.88826126897714
-2.9355871174234847,29.853015171948172
-2.9335867173434687,29.817793084522087
-2.9315863172634526,29.78259500669888
-2.9295859171834366,29.747420938478555
-2.9275855171034206,29.71227087986111
-2.9255851170234046,29.677144830846547
-2.9235847169433886,29.64204279143486
-2.9215843168633726,29.60696476162606
-2.9195839167833566,29.571910741420137
-2.9175835167033406,29.5368807308171
-2.9155831166233246,29.501874729816937
-2.9135827165433086,29.46689273841966
-2.9115823164632926,29.43193475662526
-2.9095819163832766,29.397000784433743
-2.9075815163032606,29.362090821845104
-2.9055811162232446,29.327204868859347
-2.9035807161432285,29.292342925476472
-2.9015803160632125,29.25750499169648
-2.8995799159831965,29.222691067519364
-2.8975795159031805,29.18790115294513
-2.8955791158231645,29.15313524797378
-2.8935787157431485,29.118393352605306
-2.8915783156631325,29.083675466839715
-2.8895779155831165,29.048981590677005
-2.8875775155031005,29.014311724117178
-2.8855771154230845,28.97966586716023
-2.8835767153430685,28.94504401980616
-2.8815763152630525,28.910446182054972
-2.8795759151830365,28.87587235390667
-2.8775755151030205,28.841322535361243
-2.8755751150230044,28.806796726418696
-2.8735747149429884,28.772294927079034
-2.8715743148629724,28.73781713734225
-2.8695739147829564,28.703363357208346
-2.8675735147029404,28.668933586677326
-2.8655731146229244,28.634527825749185
-2.8635727145429084,28.600146074423925
-2.8615723144628924,28.565788332701544
-2.8595719143828764,28.531454600582048
-2.8575715143028604,28.49714487806543
-2.8555711142228444,28.46285916515169
-2.8535707141428284,28.428597461840837
-2.8515703140628124,28.394359768132862
-2.8495699139827964,28.360146084027765
-2.8475695139027803,28.325956409525553
-2.8455691138227643,28.29179074462622
-2.8435687137427483,28.257649089329767
-2.8415683136627323,28.223531443636194
-2.8395679135827163,28.189437807545502
-2.8375675135027008,28.155368181057696
-2.8355671134226847,28.12132256417277
-2.8335667133426687,28.08730095689072
-2.8315663132626527,28.053303359211558
-2.8295659131826367,28.019329771135265
-2.8275655131026207,27.985380192661864
-2.8255651130226047,27.95145462379133
-2.8235647129425887,27.91755306452369
-2.8215643128625727,27.883675514858922
-2.8195639127825567,27.849821974797045
-2.8175635127025407,27.815992444338036
-2.8155631126225247,27.78218692348192
-2.8135627125425087,27.748405412228674
-2.8115623124624927,27.71464791057832
-2.8095619123824767,27.680914418530836
-2.8075615123024606,27.647204936086244
-2.8055611122224446,27.61351946324452
-2.8035607121424286,27.579858000005686
-2.8015603120624126,27.546220546369725
-2.7995599119823966,27.512607102336656
-2.7975595119023806,27.479017667906454
-2.7955591118223646,27.445452243079146
-2.7935587117423486,27.411910827854708
-2.7915583116623326,27.37839342223316
-2.7895579115823166,27.344900026214486
-2.7875575115023006,27.311430639798697
-2.7855571114222846,27.277985262985784
-2.7835567113422686,27.24456389577576
-2.7815563112622526,27.211166538168605
-2.7795559111822365,27.17779319016434
-2.7775555111022205,27.14444385176295
-2.7755551110222045,27.11111852296445
-2.7735547109421885,27.07781720376882
-2.7715543108621725,27.04453989417608
-2.7695539107821565,27.01128659418621
-2.7675535107021405,26.978057303799233
-2.7655531106221245,26.944852023015123
-2.7635527105421085,26.911670751833906
-2.7615523104620925,26.87851349025556
-2.7595519103820765,26.845380238280107
-2.7575515103020605,26.81227099590752
-2.7555511102220445,26.77918576313783
-2.7535507101420285,26.746124539971007
-2.7515503100620124,26.713087326407074
-2.7495499099819964,26.680074122446012
-2.7475495099019804,26.647084928087843
-2.7455491098219644,26.61411974333254
-2.7435487097419484,26.581178568180132
-2.7415483096619324,26.548261402630594
-2.7395479095819164,26.515368246683945
-2.7375475095019004,26.48249910034017
-2.7355471094218844,26.449653963599285
-2.7335467093418684,26.416832836461268
-2.7315463092618524,26.384035718926143
-2.7295459091818364,26.351262610993892
-2.7275455091018204,26.318513512664527
-2.7255451090218044,26.285788423938037
-2.7235447089417884,26.253087344814436
-2.7215443088617723,26.220410275293705
-2.7195439087817563,26.187757215375864
-2.7175435087017403,26.155128165060894
-2.7155431086217243,26.122523124348817
-2.7135427085417083,26.08994209323961
-2.7115423084616923,26.057385071733293
-2.7095419083816763,26.024852059829847
-2.7075415083016603,25.99234305752929
-2.7055411082216443,25.959858064831607
-2.7035407081416283,25.927397081736814
-2.7015403080616123,25.89496010824489
-2.6995399079815963,25.862547144355858
-2.6975395079015803,25.830158190069696
-2.6955391078215643,25.797793245386426
-2.6935387077415482,25.765452310306028
-2.6915383076615322,25.73313538482852
-2.6895379075815162,25.70084246895388
-2.6875375075015002,25.66857356268213
-2.685537107421484,25.636328666013256
-2.683536707341468,25.60410777894727
-2.681536307261452,25.571910901484152
-2.679535907181436,25.53973803362393
-2.67753550710142,25.507589175366576
-2.675535107021404,25.475464326712114
-2.673534706941388,25.44336348766052
-2.671534306861372,25.411286658211818
-2.669533906781356,25.379233838365987
-2.66753350670134,25.34720502812305
-2.665533106621324,25.315200227482983
-2.663532706541308,25.283219436445798
-2.661532306461292,25.251262655011498
-2.659531906381276,25.219329883180073
-2.65753150630126,25.187421120951534
-2.655531106221244,25.155536368325873
-2.653530706141228,25.123675625303093
-2.651530306061212,25.091838891883196
-2.649529905981196,25.060026168066177
-2.64752950590118,25.02823745385204
-2.645529105821164,24.996472749240784
-2.643528705741148,24.964732054232407
-2.641528305661132,24.933015368826915
-2.639527905581116,24.901322693024298
-2.6375275055011,24.869654026824566
-2.635527105421084,24.838009370227713
-2.633526705341068,24.80638872323374
-2.631526305261052,24.774792085842652
-2.629525905181036,24.74321945805444
-2.62752550510102,24.71167083986911
-2.625525105021004,24.680146231286663
-2.623524704940988,24.648645632307094
-2.621524304860972,24.617169042930406
-2.619523904780956,24.5857164631566
-2.61752350470094,24.554287892985677
-2.615523104620924,24.52288333241763
-2.613522704540908,24.491502781452468
-2.611522304460892,24.460146240090182
-2.6095219043808764,24.428813708330786
-2.6075215043008604,24.397505186174264
-2.6055211042208444,24.366220673620624
-2.6035207041408284,24.334960170669863
-2.6015203040608124,24.303723677321983
-2.5995199039807964,24.272511193576985
-2.5975195039007803,24.241322719434866
-2.5955191038207643,24.21015825489563
-2.5935187037407483,24.179017799959272
-2.5915183036607323,24.147901354625798
-2.5895179035807163,24.116808918895202
-2.5875175035007003,24.08574049276749
-2.5855171034206843,24.054696076242656
-2.5835167033406683,24.023675669320703
-2.5815163032606523,23.99267927200163
-2.5795159031806363,23.96170688428544
-2.5775155031006203,23.93075850617213
-2.5755151030206043,23.8998341376617
-2.5735147029405883,23.86893377875415
-2.5715143028605723,23.838057429449485
-2.5695139027805562,23.807205089747697
-2.5675135027005402,23.77637675964879
-2.5655131026205242,23.745572439152763
-2.5635127025405082,23.71479212825962
-2.561512302460492,23.684035826969357
-2.559511902380476,23.65330353528197
-2.55751150230046,23.62259525319747
-2.555511102220444,23.59191098071585
-2.553510702140428,23.56125071783711
-2.551510302060412,23.530614464561246
-2.549509901980396,23.500002220888266
-2.54750950190038,23.469413986818168
-2.545509101820364,23.43884976235095
-2.543508701740348,23.408309547486613
-2.541508301660332,23.377793342225157
-2.539507901580316,23.34730114656658
-2.5375075015003,23.316832960510887
-2.535507101420284,23.286388784058072
-2.533506701340268,23.25596861720814
-2.531506301260252,23.225572459961086
-2.529505901180236,23.195200312316913
-2.52750550110022,23.164852174275623
-2.525505101020204,23.134528045837214
-2.523504700940188,23.104227927001684
-2.521504300860172,23.073951817769036
-2.519503900780156,23.043699718139266
-2.51750350070014,23.01347162811238
-2.515503100620124,22.983267547688374
-2.513502700540108,22.953087476867246
-2.511502300460092,22.922931415649003
-2.509501900380076,22.89279936403364
-2.50750150030006,22.862691322021156
-2.505501100220044,22.832607289611552
-2.503500700140028,22.80254726680483
-2.501500300060012,22.77251125360099
-2.499499899979996,22.74249925000003
-2.49749949989998,22.71251125600195
-2.495499099819964,22.68254727160675
-2.493498699739948,22.652607296814434
-2.491498299659932,22.622691331624996
-2.489497899579916,22.59279937603844
-2.4874974994999,22.562931430054764
-2.485497099419884,22.533087493673968
-2.483496699339868,22.503267566896053
-2.481496299259852,22.47347164972102
-2.479495899179836,22.44369974214887
-2.47749549909982,22.413951844179596
-2.475495099019804,22.384227955813206
-2.473494698939788,22.354528077049697
-2.471494298859772,22.324852207889066
-2.469493898779756,22.295200348331317
-2.46749349869974,22.26557249837645
-2.465493098619724,22.23596865802446
-2.463492698539708,22.206388827275354
-2.461492298459692,22.17683300612913
-2.459491898379676,22.147301194585783
-2.45749149829966,22.11779339264532
-2.455491098219644,22.08830960030774
-2.453490698139628,22.058849817573034
-2.451490298059612,22.02941404444121
-2.449489897979596,22.00000228091227
-2.44748949789958,21.97061452698621
-2.445489097819564,21.94125078266303
-2.443488697739548,21.911911047942734
-2.441488297659532,21.882595322825313
-2.439487897579516,21.853303607310778
-2.4374874974994998,21.82403590139912
-2.4354870974194838,21.794792205090346
-2.4334866973394678,21.76557251838445
-2.4314862972594518,21.736376841281437
-2.4294858971794357,21.707205173781304
-2.4274854970994197,21.67805751588405
-2.4254850970194037,21.64893386758968
-2.4234846969393877,21.61983422889819
-2.4214842968593717,21.590758599809575
-2.4194838967793557,21.561706980323848
-2.4174834966993397,21.532679370441
-2.4154830966193237,21.50367577016103
-2.4134826965393077,21.474696179483942
-2.4114822964592917,21.445740598409735
-2.4094818963792757,21.41680902693841
-2.4074814962992597,21.387901465069966
-2.4054810962192437,21.3590179128044
-2.4034806961392277,21.330158370141717
-2.4014802960592116,21.301322837081916
-2.3994798959791956,21.272511313624992
-2.3974794958991796,21.24372379977095
-2.3954790958191636,21.21496029551979
-2.3934786957391476,21.186220800871514
-2.3914782956591316,21.157505315826114
-2.3894778955791156,21.128813840383597
-2.3874774954990996,21.100146374543957
-2.3854770954190836,21.071502918307203
-2.3834766953390676,21.042883471673328
-2.381476295259052,21.014288034642338
-2.379475895179036,20.985716607214226
-2.37747549509902,20.957169189388992
-2.375475095019004,20.928645781166637
-2.373474694938988,20.900146382547167
-2.371474294858972,20.871670993530575
-2.369473894778956,20.843219614116865
-2.36747349469894,20.814792244306034
-2.365473094618924,20.786388884098088
-2.363472694538908,20.75800953349302
-2.361472294458892,20.72965419249083
-2.359471894378876,20.701322861091526
-2.35747149429886,20.6730155392951
-2.355471094218844,20.644732227101553
-2.353470694138828,20.61647292451089
-2.351470294058812,20.588237631523107
-2.349469893978796,20.560026348138205
-2.34746949389878,20.53183907435618
-2.345469093818764,20.50367581017704
-2.343468693738748,20.47553655560078
-2.341468293658732,20.4474213106274
-2.339467893578716,20.4193300752569
-2.3374674934987,20.391262849489284
-2.335467093418684,20.363219633324547
-2.333466693338668,20.33520042676269
-2.331466293258652,20.307205229803714
-2.329465893178636,20.27923404244762
-2.32746549309862,20.251286864694404
-2.325465093018604,20.22336369654407
-2.323464692938588,20.195464537996617
-2.321464292858572,20.167589389052047
-2.319463892778556,20.139738249710355
-2.31746349269854,20.111911119971545
-2.315463092618524,20.084107999835616
-2.313462692538508,20.056328889302566
-2.3114622924584918,20.028573788372398
-2.3094618923784758,20.000842697045112
-2.3074614922984598,19.973135615320704
-2.3054610922184438,19.94545254319918
-2.3034606921384277,19.917793480680533
-2.3014602920584117,19.890158427764767
-2.2994598919783957,19.862547384451887
-2.2974594918983797,19.834960350741884
-2.2954590918183637,19.807397326634764
-2.2934586917383477,19.77985831213052
-2.2914582916583317,19.75234330722916
-2.2894578915783157,19.724852311930682
-2.2874574914982997,19.697385326235082
-2.2854570914182837,19.669942350142364
-2.2834566913382677,19.642523383652524
-2.2814562912582517,19.61512842676557
-2.2794558911782357,19.587757479481496
-2.2774554910982197,19.560410541800298
-2.2754550910182036,19.53308761372198
-2.2734546909381876,19.50578869524655
-2.2714542908581716,19.478513786374
-2.2694538907781556,19.451262887104328
-2.2674534906981396,19.424035997437535
-2.2654530906181236,19.396833117373625
-2.2634526905381076,19.369654246912596
-2.2614522904580916,19.342499386054445
-2.2594518903780756,19.315368534799177
-2.2574514902980596,19.28826169314679
-2.2554510902180436,19.261178861097285
-2.2534506901380276,19.23412003865066
-2.2514502900580116,19.207085225806914
-2.2494498899779956,19.18007442256605
-2.2474494898979795,19.153087628928066
-2.2454490898179635,19.126124844892963
-2.2434486897379475,19.09918607046074
-2.2414482896579315,19.0722713056314
-2.2394478895779155,19.04538055040494
-2.2374474894978995,19.01851380478136
-2.2354470894178835,18.99167106876066
-2.2334466893378675,18.964852342342844
-2.2314462892578515,18.938057625527904
-2.2294458891778355,18.91128691831585
-2.2274454890978195,18.884540220706672
-2.2254450890178035,18.857817532700377
-2.2234446889377875,18.831118854296964
-2.2214442888577715,18.80444418549643
-2.2194438887777554,18.77779352629878
-2.2174434886977394,18.751166876704005
-2.2154430886177234,18.724564236712112
-2.2134426885377074,18.6979856063231
-2.2114422884576914,18.671430985536972
-2.2094418883776754,18.644900374353725
-2.2074414882976594,18.61839377277336
-2.2054410882176434,18.59191118079587
-2.2034406881376274,18.565452598421263
-2.2014402880576114,18.539018025649536
-2.1994398879775954,18.51260746248069
-2.1974394878975794,18.486220908914728
-2.1954390878175634,18.459858364951643
-2.1934386877375474,18.433519830591443
-2.1914382876575313,18.40720530583412
-2.1894378875775153,18.38091479067968
-2.1874374874974993,18.354648285128118
-2.1854370874174833,18.32840578917944
-2.1834366873374673,18.302187302833637
-2.1814362872574513,18.27599282609072
-2.1794358871774353,18.249822358950684
-2.1774354870974193,18.22367590141353
-2.1754350870174033,18.19755345347925
-2.1734346869373873,18.171455015147856
-2.1714342868573713,18.145380586419343
-2.1694338867773553,18.119330167293707
-2.1674334866973393,18.093303757770954
-2.1654330866173233,18.067301357851083
-2.1634326865373072,18.041322967534093
-2.1614322864572912,18.01536858681998
-2.1594318863772752,17.989438215708752
-2.1574314862972592,17.963531854200404
-2.155431086217243,17.937649502294935
-2.1534306861372277,17.911791159992354
-2.1514302860572116,17.885956827292645
-2.1494298859771956,17.86014650419582
-2.1474294858971796,17.834360190701876
-2.1454290858171636,17.808597886810812
-2.1434286857371476,17.782859592522627
-2.1414282856571316,17.757145307837327
-2.1394278855771156,17.7314550327549
-2.1374274854970996,17.705788767275365
-2.1354270854170836,17.680146511398704
-2.1334266853370676,17.654528265124924
-2.1314262852570516,17.628934028454026
-2.1294258851770356,17.603363801386003
-2.1274254850970196,17.57781758392087
-2.1254250850170036,17.55229537605861
-2.1234246849369875,17.526797177799235
-2.1214242848569715,17.501322989142743
-2.1194238847769555,17.475872810089125
-2.1174234846969395,17.45044664063839
-2.1154230846169235,17.42504448079054
-2.1134226845369075,17.399666330545568
-2.1114222844568915,17.374312189903478
-2.1094218843768755,17.348982058864266
-2.1074214842968595,17.323675937427936
-2.1054210842168435,17.298393825594488
-2.1034206841368275,17.27313572336392
-2.1014202840568115,17.24790163073623
-2.0994198839767955,17.222691547711428
-2.0974194838967795,17.1975054742895
-2.0954190838167635,17.172343410470454
-2.0934186837367474,17.14720535625429
-2.0914182836567314,17.122091311641007
-2.0894178835767154,17.097001276630603
-2.0874174834966994,17.07193525122308
-2.0854170834166834,17.046893235418437
-2.0834166833366674,17.02187522921668
-2.0814162832566514,16.9968812326178
-2.0794158831766354,16.9719112456218
-2.0774154830966194,16.94696526822868
-2.0754150830166034,16.922043300438446
-2.0734146829365874,16.897145342251086
-2.0714142828565714,16.87227139366661
-2.0694138827765554,16.84742145468502
-2.0674134826965394,16.822595525306305
-2.0654130826165233,16.79779360553047
-2.0634126825365073,16.773015695357515
-2.0614122824564913,16.748261794787446
-2.0594118823764753,16.723531903820252
-2.0574114822964593,16.698826022455943
-2.0554110822164433,16.674144150694513
-2.0534106821364273,16.649486288535964
-2.0514102820564113,16.624852435980294
-2.0494098819763953,16.60024259302751
-2.0474094818963793,16.5756567596776
-2.0454090818163633,16.55109493593058
-2.0434086817363473,16.526557121786432
-2.0414082816563313,16.502043317245167
-2.0394078815763153,16.477553522306785
-2.0374074814962992,16.45308773697128
-2.0354070814162832,16.428645961238658
-2.0334066813362672,16.404228195108914
-2.0314062812562512,16.37983443858206
-2.029405881176235,16.355464691658078
-2.027405481096219,16.33111895433698
-2.025405081016203,16.30679722661876
-2.023404680936187,16.28249950850342
-2.021404280856171,16.258225799990967
-2.019403880776155,16.23397610108139
-2.017403480696139,16.209750411774692
-2.015403080616123,16.185548732070878
-2.013402680536107,16.161371061969945
-2.011402280456091,16.137217401471894
-2.009401880376075,16.11308775057672
-2.007401480296059,16.08898210928443
-2.005401080216043,16.064900477595017
-2.003400680136027,16.040842855508487
-2.001400280056011,16.016809243024838
-1.999399879975995,15.992799640144073
-1.997399479895979,15.968814046866184
-1.995399079815963,15.944852463191177
-1.993398679735947,15.920914889119052
-1.991398279655931,15.897001324649807
-1.989397879575915,15.873111769783442
-1.987397479495899,15.849246224519959
-1.985397079415883,15.825404688859356
-1.983396679335867,15.801587162801633
-1.981396279255851,15.777793646346792
-1.979395879175835,15.754024139494831
-1.977395479095819,15.730278642245752
-1.975395079015803,15.706557154599553
-1.973394678935787,15.682859676556234
-1.971394278855771,15.659186208115797
-1.969393878775755,15.635536749278241
-1.967393478695739,15.611911300043564
-1.965393078615723,15.58830986041177
-1.963392678535707,15.564732430382854
-1.961392278455691,15.54117900995682
-1.959391878375675,15.517649599133668
-1.957391478295659,15.494144197913396
-1.955391078215643,15.470662806296005
-1.953390678135627,15.447205424281494
-1.951390278055611,15.423772051869864
-1.949389877975595,15.400362689061115
-1.947389477895579,15.376977335855248
-1.945389077815563,15.35361599225226
-1.943388677735547,15.330278658252153
-1.941388277655531,15.306965333854928
-1.939387877575515,15.283676019060582
-1.9373874774954989,15.260410713869117
-1.9353870774154829,15.237169418280534
-1.9333866773354669,15.21395213229483
-1.9313862772554509,15.190758855912009
-1.9293858771754349,15.167589589132067
-1.9273854770954193,15.144444331955011
-1.9253850770154033,15.121323084380832
-1.9233846769353873,15.098225846409532
-1.9213842768553713,15.075152618041114
-1.9193838767753553,15.052103399275577
-1.9173834766953393,15.02907819011292
-1.9153830766153233,15.006076990553144
-1.9133826765353072,14.983099800596248
-1.9113822764552912,14.960146620242234
-1.9093818763752752,14.9372174494911
-1.9073814762952592,14.914312288342847
-1.9053810762152432,14.891431136797475
-1.9033806761352272,14.868573994854984
-1.9013802760552112,14.845740862515374
-1.8993798759751952,14.822931739778644
-1.8973794758951792,14.800146626644795
-1.8953790758151632,14.777385523113827
-1.8933786757351472,14.754648429185739
-1.8913782756551312,14.731935344860531
-1.8893778755751152,14.709246270138205
-1.8873774754950992,14.686581205018761
-1.8853770754150831,14.663940149502196
-1.8833766753350671,14.641323103588512
-1.8813762752550511,14.61873006727771
-1.8793758751750351,14.596161040569788
-1.8773754750950191,14.573616023464746
-1.8753750750150031,14.551095015962586
-1.873374674934987,14.528598018063306
-1.871374274854971,14.506125029766906
-1.869373874774955,14.483676051073388
-1.867373474694939,14.46125108198275
-1.865373074614923,14.438850122494994
-1.863372674534907,14.416473172610118
-1.861372274454891,14.394120232328122
-1.859371874374875,14.371791301649008
-1.857371474294859,14.349486380572774
-1.855371074214843,14.327205469099422
-1.853370674134827,14.30494856722895
-1.851370274054811,14.282715674961358
-1.849369873974795,14.260506792296647
-1.847369473894779,14.238321919234817
-1.845369073814763,14.216161055775869
-1.843368673734747,14.1940242019198
-1.841368273654731,14.171911357666612
-1.839367873574715,14.149822523016306
-1.837367473494699,14.12775769796888
-1.835367073414683,14.105716882524336
-1.833366673334667,14.083700076682671
-1.831366273254651,14.061707280443887
-1.829365873174635,14.039738493807985
-1.827365473094619,14.017793716774962
-1.825365073014603,13.99587294934482
-1.823364672934587,13.97397619151756
-1.821364272854571,13.95210344329318
-1.819363872774555,13.93025470467168
-1.817363472694539,13.908429975653062
-1.815363072614523,13.886629256237324
-1.813362672534507,13.864852546424467
-1.8113622724544909,13.843099846214491
-1.8093618723744749,13.821371155607396
-1.8073614722944589,13.799666474603182
-1.8053610722144429,13.77798580320185
-1.8033606721344269,13.756329141403395
-1.8013602720544108,13.734696489207824
-1.7993598719743948,13.713087846615132
-1.7973594718943788,13.691503213625321
-1.7953590718143628,13.66994259023839
-1.7933586717343468,13.648405976454342
-1.7913582716543308,13.626893372273173
-1.7893578715743148,13.605404777694886
-1.7873574714942988,13.58394019271948
-1.7853570714142828,13.562499617346953
-1.7833566713342668,13.541083051577308
-1.7813562712542508,13.519690495410543
-1.7793558711742348,13.49832194884666
-1.7773554710942188,13.476977411885658
-1.7753550710142028,13.455656884527535
-1.7733546709341867,13.434360366772294
-1.7713542708541707,13.413087858619933
-1.7693538707741547,13.391839360070453
-1.7673534706941387,13.370614871123854
-1.7653530706141227,13.349414391780135
-1.7633526705341067,13.328237922039298
-1.7613522704540907,13.307085461901341
-1.7593518703740747,13.285957011366264
-1.7573514702940587,13.26485257043407
-1.7553510702140427,13.243772139104754
-1.7533506701340267,13.222715717378321
-1.7513502700540107,13.201683305254768
-1.7493498699739947,13.180674902734095
-1.7473494698939787,13.159690509816304
-1.7453490698139627,13.138730126501393
-1.7433486697339466,13.117793752789364
-1.7413482696539306,13.096881388680215
-1.7393478695739146,13.075993034173946
-1.7373474694938986,13.055128689270559
-1.7353470694138826,13.034288353970052
-1.7333466693338666,13.013472028272426
-1.7313462692538506,12.992679712177681
-1.7293458691738346,12.971911405685816
-1.7273454690938186,12.951167108796833
-1.7253450690138026,12.93044682151073
-1.7233446689337866,12.909750543827508
-1.7213442688537706,12.889078275747165
-1.7193438687737546,12.868430017269706
-1.7173434686937386,12.847805768395125
-1.7153430686137225,12.827205529123425
-1.7133426685337065,12.806629299454608
-1.7113422684536905,12.78607707938867
-1.7093418683736745,12.765548868925613
-1.7073414682936585,12.745044668065438
-1.7053410682136425,12.724564476808142
-1.7033406681336265,12.704108295153727
-1.7013402680536105,12.683676123102194
-1.699339867973595,12.663267960653544
-1.697339467893579,12.642883807807772
-1.695339067813563,12.62252366456488
-1.693338667733547,12.60218753092487
-1.691338267653531,12.58187540688774
-1.689337867573515,12.56158729245349
-1.6873374674934989,12.541323187622123
-1.6853370674134829,12.521083092393635
-1.6833366673334669,12.500867006768027
-1.6813362672534509,12.480674930745302
-1.6793358671734349,12.460506864325456
-1.6773354670934189,12.440362807508492
-1.6753350670134028,12.420242760294409
-1.6733346669333868,12.400146722683205
-1.6713342668533708,12.380074694674883
-1.6693338667733548,12.360026676269442
-1.6673334666933388,12.34000266746688
-1.6653330666133228,12.3200026682672
-1.6633326665333068,12.300026678670402
-1.6613322664532908,12.280074698676483
-1.6593318663732748,12.260146728285445
-1.6573314662932588,12.24024276749729
-1.6553310662132428,12.220362816312013
-1.6533306661332268,12.200506874729617
-1.6513302660532108,12.180674942750104
-1.6493298659731948,12.16086702037347
-1.6473294658931787,12.141083107599716
-1.6453290658131627,12.121323204428844
-1.6433286657331467,12.101587310860852
-1.6413282656531307,12.081875426895742
-1.6393278655731147,12.062187552533512
-1.6373274654930987,12.042523687774162
-1.6353270654130827,12.022883832617694
-1.6333266653330667,12.003267987064106
-1.6313262652530507,11.9836761511134
-1.6293258651730347,11.964108324765572
-1.6273254650930187,11.944564508020628
-1.6253250650130027,11.925044700878562
-1.6233246649329867,11.90554890333938
-1.6213242648529707,11.886077115403076
-1.6193238647729546,11.866629337069654
-1.6173234646929386,11.847205568339113
-1.6153230646129226,11.827805809211451
-1.6133226645329066,11.808430059686671
-1.6113222644528906,11.789078319764773
-1.6093218643728746,11.769750589445755
-1.6073214642928586,11.750446868729616
-1.6053210642128426,11.73116715761636
-1.6033206641328266,11.711911456105984
-1.6013202640528106,11.692679764198488
-1.5993198639727946,11.673472081893873
-1.5973194638927786,11.65428840919214
-1.5953190638127626,11.635128746093287
-1.5933186637327466,11.615993092597314
-1.5913182636527305,11.596881448704224
-1.5893178635727145,11.577793814414012
-1.5873174634926985,11.558730189726681
-1.5853170634126825,11.539690574642233
-1.5833166633326665,11.520674969160664
-1.5813162632526505,11.501683373281978
-1.5793158631726345,11.482715787006171
-1.5773154630926185,11.463772210333243
-1.5753150630126025,11.444852643263198
-1.5733146629325865,11.425957085796034
-1.5713142628525705,11.40708553793175
-1.5693138627725545,11.388237999670347
-1.5673134626925385,11.369414471011826
-1.5653130626125225,11.350614951956183
-1.5633126625325064,11.331839442503423
-1.5613122624524904,11.313087942653542
-1.5593118623724744,11.294360452406544
-1.5573114622924584,11.275656971762425
-1.5553110622124424,11.256977500721188
-1.5533106621324264,11.238322039282831
-1.5513102620524104,11.219690587447353
-1.5493098619723944,11.20108314521476
-1.5473094618923784,11.182499712585045
-1.5453090618123624,11.16394028955821
-1.5433086617323464,11.145404876134258
-1.5413082616523304,11.126893472313185
-1.5393078615723144,11.108406078094994
-1.5373074614922984,11.089942693479681
-1.5353070614122823,11.071503318467252
-1.5333066613322663,11.053087953057704
-1.5313062612522503,11.034696597251035
-1.5293058611722343,11.016329251047246
-1.5273054610922183,10.997985914446339
-1.5253050610122023,10.979666587448314
-1.5233046609321863,10.961371270053169
-1.5213042608521703,10.943099962260904
-1.5193038607721543,10.92485266407152
-1.5173034606921383,10.906629375485018
-1.5153030606121223,10.888430096501395
-1.5133026605321063,10.870254827120654
-1.5113022604520903,10.852103567342791
-1.5093018603720743,10.833976317167814
-1.5073014602920582,10.815873076595713
-1.5053010602120422,10.797793845626494
-1.5033006601320262,10.779738624260156
-1.5013002600520102,10.761707412496701
-1.4992998599719942,10.743700210336124
-1.4972994598919782,10.725717017778429
-1.4952990598119622,10.707757834823614
-1.4932986597319462,10.68982266147168
-1.4912982596519302,10.671911497722625
-1.4892978595719142,10.654024343576454
-1.4872974594918982,10.636161199033163
-1.4852970594118822,10.618322064092752
-1.4832966593318662,10.600506938755222
-1.4812962592518502,10.582715823020573
-1.4792958591718341,10.564948716888804
-1.4772954590918181,10.547205620359916
-1.4752950590118021,10.52948653343391
-1.4732946589317861,10.511791456110783
-1.4712942588517706,10.494120388390542
-1.4692938587717546,10.476473330273178
-1.4672934586917386,10.458850281758693
-1.4652930586117225,10.441251242847091
-1.4632926585317065,10.423676213538368
-1.4612922584516905,10.406125193832526
-1.4592918583716745,10.388598183729567
-1.4572914582916585,10.371095183229485
-1.4552910582116425,10.353616192332286
-1.4532906581316265,10.336161211037968
-1.4512902580516105,10.31873023934653
-1.4492898579715945,10.301323277257975
-1.4472894578915785,10.283940324772297
-1.4452890578115625,10.266581381889502
-1.4432886577315465,10.249246448609586
-1.4412882576515305,10.231935524932553
-1.4392878575715145,10.2146486108584
-1.4372874574914984,10.197385706387127
-1.4352870574114824,10.180146811518735
-1.4332866573314664,10.162931926253226
-1.4312862572514504,10.145741050590594
-1.4292858571714344,10.128574184530846
-1.4272854570914184,10.111431328073976
-1.4252850570114024,10.09431248121999
-1.4232846569313864,10.077217643968883
-1.4212842568513704,10.060146816320657
-1.4192838567713544,10.043099998275311
-1.4172834566913384,10.026077189832847
-1.4152830566113224,10.009078390993263
-1.4132826565313064,9.99210360175656
-1.4112822564512904,9.975152822122737
-1.4092818563712743,9.958226052091796
-1.4072814562912583,9.941323291663736
-1.4052810562112423,9.924444540838554
-1.4032806561312263,9.907589799616254
-1.4012802560512103,9.890759067996836
-1.3992798559711943,9.8739523459803
-1.3972794558911783,9.857169633566642
-1.3952790558111623,9.840410930755866
-1.3932786557311463,9.823676237547971
-1.3912782556511303,9.806965553942955
-1.3892778555711143,9.790278879940821
-1.3872774554910983,9.77361621554157
-1.3852770554110823,9.756977560745195
-1.3832766553310663,9.740362915551703
-1.3812762552510502,9.723772279961093
-1.3792758551710342,9.707205653973364
-1.3772754550910182,9.690663037588514
-1.3752750550110022,9.674144430806546
-1.3732746549309862,9.657649833627458
-1.3712742548509702,9.641179246051252
-1.3692738547709542,9.624732668077925
-1.3672734546909382,9.608310099707479
-1.3652730546109222,9.591911540939915
-1.3632726545309062,9.57553699177523
-1.3612722544508902,9.559186452213428
-1.3592718543708742,9.542859922254504
-1.3572714542908582,9.526557401898463
-1.3552710542108422,9.510278891145301
-1.3532706541308261,9.494024389995023
-1.3512702540508101,9.477793898447622
-1.3492698539707941,9.461587416503104
-1.3472694538907781,9.445404944161467
-1.3452690538107621,9.429246481422709
-1.343268653730746,9.413112028286832
-1.34126825365073,9.397001584753838
-1.339267853570714,9.380915150823723
-1.337267453490698,9.364852726496489
-1.335267053410682,9.348814311772136
-1.333266653330666,9.332799906650664
-1.33126625325065,9.316809511132071
-1.329265853170634,9.30084312521636
-1.327265453090618,9.284900748903532
-1.325265053010602,9.268982382193581
-1.323264652930586,9.253088025086512
-1.32126425285057,9.237217677582326
-1.319263852770554,9.221371339681017
-1.317263452690538,9.205549011382592
-1.315263052610522,9.189750692687046
-1.313262652530506,9.173976383594383
-1.31126225245049,9.158226084104598
-1.309261852370474,9.142499794217695
-1.307261452290458,9.126797513933672
-1.305261052210442,9.111119243252531
-1.303260652130426,9.09546498217427
-1.30126025205041,9.07983473069889
-1.299259851970394,9.06422848882639
-1.297259451890378,9.048646256556772
-1.295259051810362,9.033088033890033
-1.293258651730346,9.017553820826176
-1.29125825165033,9.0020436173652
-1.289257851570314,8.986557423507104
-1.287257451490298,8.971095239251891
-1.285257051410282,8.955657064599556
-1.283256651330266,8.940242899550103
-1.28125625125025,8.92485274410353
-1.2792558511702339,8.90948659825984
-1.2772554510902179,8.894144462019028
-1.2752550510102019,8.878826335381099
-1.2732546509301859,8.863532218346048
-1.2712542508501699,8.848262110913879
-1.2692538507701538,8.833016013084592
-1.2672534506901378,8.817793924858185
-1.2652530506101218,8.80259584623466
-1.2632526505301058,8.787421777214014
-1.2612522504500898,8.772271717796247
-1.2592518503700738,8.757145667981364
-1.2572514502900578,8.74204362776936
-1.2552510502100418,8.726965597160238
-1.2532506501300258,8.711911576153998
-1.2512502500500098,8.696881564750637
-1.2492498499699938,8.681875562950156
-1.2472494498899778,8.666893570752556
-1.2452490498099618,8.651935588157837
-1.2432486497299462,8.637001615166003
-1.2412482496499302,8.622091651777046
-1.2392478495699142,8.60720569799097
-1.2372474494898982,8.592343753807775
-1.2352470494098822,8.57750581922746
-1.2332466493298662,8.562691894250026
-1.2312462492498502,8.547901978875473
-1.2292458491698341,8.533136073103801
-1.2272454490898181,8.518394176935008
-1.2252450490098021,8.503676290369096
-1.2232446489297861,8.488982413406067
-1.2212442488497701,8.474312546045919
-1.2192438487697541,8.45966668828865
-1.217243448689738,8.445044840134262
-1.215243048609722,8.430447001582754
-1.213242648529706,8.415873172634129
-1.21124224844969,8.401323353288383
-1.209241848369674,8.386797543545518
-1.207241448289658,8.372295743405534
-1.205241048209642,8.35781795286843
-1.203240648129626,8.343364171934208
-1.20124024804961,8.328934400602865
-1.199239847969594,8.314528638874405
-1.197239447889578,8.300146886748825
-1.195239047809562,8.285789144226126
-1.193238647729546,8.271455411306306
-1.19123824764953,8.257145687989368
-1.189237847569514,8.242859974275312
-1.187237447489498,8.228598270164134
-1.185237047409482,8.214360575655839
-1.183236647329466,8.200146890750425
-1.18123624724945,8.18595721544789
-1.179235847169434,8.171791549748239
-1.177235447089418,8.157649893651465
-1.175235047009402,8.143532247157573
-1.173234646929386,8.129438610266563
-1.17123424684937,8.115368982978431
-1.169233846769354,8.101323365293183
-1.167233446689338,8.087301757210813
-1.165233046609322,8.073304158731327
-1.163232646529306,8.059330569854719
-1.16123224644929,8.045380990580993
-1.159231846369274,8.031455420910149
-1.157231446289258,8.017553860842183
-1.1552310462092419,8.003676310377099
-1.1532306461292259,7.989822769514896
-1.1512302460492099,7.9759932382555725
-1.1492298459691939,7.962187716599131
-1.1472294458891779,7.94840620454557
-1.1452290458091618,7.93464870209489
-1.1432286457291458,7.920915209247091
-1.1412282456491298,7.9072057260021715
-1.1392278455691138,7.893520252360134
-1.1372274454890978,7.879858788320977
-1.1352270454090818,7.866221333884701
-1.1332266453290658,7.8526078890513045
-1.1312262452490498,7.83901845382079
-1.1292258451690338,7.825453028193156
-1.1272254450890178,7.811911612168403
-1.1252250450090018,7.79839420574653
-1.1232246449289858,7.784900808927539
-1.1212242448489698,7.771431421711427
-1.1192238447689538,7.757986044098198
-1.1172234446889378,7.7445646760878475
-1.1152230446089217,7.731167317680379
-1.1132226445289057,7.717793968875791
-1.1112222444488897,7.704444629674084
-1.1092218443688737,7.691119300075258
-1.1072214442888577,7.677817980079312
-1.1052210442088417,7.6645406696862475
-1.1032206441288257,7.651287368896064
-1.1012202440488097,7.638058077708759
-1.0992198439687937,7.624852796124337
-1.0972194438887777,7.611671524142796
-1.0952190438087617,7.598514261764135
-1.0932186437287457,7.585381008988355
-1.0912182436487297,7.572271765815454
-1.0892178435687137,7.559186532245436
-1.0872174434886976,7.546125308278299
-1.0852170434086816,7.533088093914041
-1.0832166433286656,7.520074889152665
-1.0812162432486496,7.507085693994169
-1.0792158431686336,7.494120508438554
-1.0772154430886176,7.48117933248582
-1.0752150430086016,7.4682621661359665
-1.0732146429285856,7.455369009388995
-1.0712142428485696,7.442499862244903
-1.0692138427685536,7.429654724703692
-1.0672134426885376,7.416833596765361
-1.0652130426085216,7.404036478429912
-1.0632126425285056,7.391263369697343
-1.0612122424484896,7.378514270567655
-1.0592118423684735,7.365789181040848
-1.0572114422884575,7.353088101116922
-1.0552110422084415,7.340411030795876
-1.0532106421284255,7.327757970077711
-1.0512102420484095,7.315128918962428
-1.0492098419683935,7.302523877450024
-1.0472094418883775,7.2899428455405015
-1.0452090418083615,7.2773858232338595
-1.0432086417283455,7.2648528105300985
-1.0412082416483295,7.252343807429218
-1.0392078415683135,7.239858813931219
-1.0372074414882975,7.2273978300361
-1.0352070414082815,7.214960855743862
-1.0332066413282655,7.202547891054505
-1.0312062412482494,7.190158935968029
-1.0292058411682334,7.1777939904844335
-1.0272054410882174,7.165453054603718
-1.0252050410082014,7.153136128325884
-1.0232046409281854,7.14084321165093
-1.0212042408481694,7.1285743045788585
-1.0192038407681534,7.116329407109666
-1.0172034406881374,7.104108519243355
-1.0152030406081218,7.091911640979927
-1.0132026405281058,7.079738772319378
-1.0112022404480898,7.06758991326171
-1.0092018403680738,7.055465063806921
-1.0072014402880578,7.043364223955014
-1.0052010402080418,7.031287393705988
-1.0032006401280258,7.019234573059842
-1.0012002400480098,7.007205762016577
-0.9991998399679938,6.995200960576193
-0.9971994398879778,6.98322016873869
-0.9951990398079618,6.9712633865040665
-0.9931986397279458,6.959330613872325
-0.9911982396479297,6.947421850843464
-0.9891978395679137,6.935537097417484
-0.9871974394878977,6.923676353594384
-0.9851970394078817,6.911839619374166
-0.9831966393278657,6.900026894756827
-0.9811962392478497,6.888238179742371
-0.9791958391678337,6.876473474330794
-0.9771954390878177,6.864732778522098
-0.9751950390078017,6.853016092316284
-0.9731946389277857,6.841323415713349
-0.9711942388477697,6.8296547487132955
-0.9691938387677537,6.818010091316124
-0.9671934386877377,6.806389443521832
-0.9651930386077217,6.79479280533042
-0.9631926385277056,6.7832201767418905
-0.9611922384476896,6.771671557756241
-0.9591918383676736,6.760146948373472
-0.9571914382876576,6.748646348593584
-0.9551910382076416,6.737169758416577
-0.9531906381276256,6.7257171778424505
-0.9511902380476096,6.714288606871205
-0.9491898379675936,6.70288404550284
-0.9471894378875776,6.691503493737356
-0.9451890378075616,6.680146951574752
-0.9431886377275456,6.66881441901503
-0.9411882376475296,6.657505896058188
-0.9391878375675136,6.646221382704226
-0.9371874374874976,6.634960878953146
-0.9351870374074815,6.623724384804946
-0.9331866373274655,6.612511900259628
-0.9311862372474495,6.60132342531719
-0.9291858371674335,6.590158959977632
-0.9271854370874175,6.579018504240956
-0.9251850370074015,6.56790205810716
-0.9231846369273855,6.556809621576246
-0.9211842368473695,6.545741194648212
-0.9191838367673535,6.534696777323058
-0.9171834366873375,6.523676369600786
-0.9151830366073215,6.512679971481393
-0.9131826365273055,6.501707582964883
-0.9111822364472895,6.490759204051253
-0.9091818363672735,6.479834834740503
-0.9071814362872574,6.4689344750326345
-0.9051810362072414,6.458058124927646
-0.9031806361272254,6.447205784425538
-0.9011802360472094,6.436377453526312
-0.8991798359671934,6.4255731322299665
-0.8971794358871774,6.414792820536501
-0.8951790358071614,6.404036518445917
-0.8931786357271454,6.3933042259582145
-0.8911782356471294,6.382595943073392
-0.8891778355671134,6.37191166979145
-0.8871774354870974,6.361251406112388
-0.8851770354070814,6.350615152036208
-0.8831766353270654,6.3400029075629085
-0.8811762352470494,6.32941467269249
-0.8791758351670333,6.318850447424952
-0.8771754350870173,6.308310231760295
-0.8751750350070013,6.2977940256985185
-0.8731746349269853,6.287301829239622
-0.8711742348469693,6.2768336423836075
-0.8691738347669533,6.266389465130473
-0.8671734346869373,6.25596929748022
-0.8651730346069213,6.245573139432848
-0.8631726345269053,6.235200990988355
-0.8611722344468893,6.2248528521467446
-0.8591718343668733,6.214528722908014
-0.8571714342868573,6.204228603272164
-0.8551710342068413,6.193952493239196
-0.8531706341268253,6.183700392809108
-0.8511702340468092,6.1734723019819
-0.8491698339667932,6.1632682207575735
-0.8471694338867772,6.153088149136128
-0.8451690338067612,6.142932087117563
-0.8431686337267452,6.132800034701878
-0.8411682336467292,6.122691991889075
-0.8391678335667132,6.112607958679153
-0.8371674334866972,6.102547935072111
-0.8351670334066812,6.092511921067949
-0.8331666333266652,6.082499916666669
-0.8311662332466492,6.072511921868269
-0.8291658331666332,6.06254793667275
-0.8271654330866172,6.052607961080113
-0.8251650330066012,6.0426919950903555
-0.8231646329265851,6.0328000387034795
-0.8211642328465691,6.022932091919483
-0.8191638327665531,6.013088154738368
-0.8171634326865371,6.0032682271601345
-0.8151630326065211,5.993472309184781
-0.8131626325265051,5.9837004008123085
-0.8111622324464891,5.9739525020427156
-0.8091618323664731,5.9642286128760045
-0.8071614322864571,5.954528733312174
-0.8051610322064411,5.944852863351225
-0.8031606321264251,5.935201002993156
-0.8011602320464091,5.925573152237968
-0.7991598319663931,5.915969311085661
-0.7971594318863771,5.906389479536234
-0.795159031806361,5.8968336575896885
-0.793158631726345,5.887301845246023
-0.791158231646329,5.877794042505239
-0.789157831566313,5.868310249367336
-0.787157431486297,5.8588504658323135
-0.785157031406281,5.849414691900171
-0.783156631326265,5.84000292757091
-0.781156231246249,5.83061517284453
-0.779155831166233,5.82125142772103
-0.777155431086217,5.811911692200411
-0.775155031006201,5.802595966282674
-0.773154630926185,5.793304249967816
-0.771154230846169,5.784036543255839
-0.769153830766153,5.7747928461467435
-0.767153430686137,5.765573158640528
-0.7651530306061209,5.756377480737195
-0.7631526305261049,5.747205812436741
-0.7611522304460889,5.738058153739168
-0.7591518303660729,5.728934504644476
-0.7571514302860569,5.719834865152665
-0.7551510302060409,5.710759235263735
-0.7531506301260249,5.7017076149776855
-0.7511502300460089,5.692680004294516
-0.7491498299659929,5.683676403214228
-0.7471494298859769,5.674696811736821
-0.7451490298059609,5.665741229862294
-0.7431486297259449,5.656809657590649
-0.7411482296459289,5.647902094921884
-0.7391478295659129,5.639018541855999
-0.7371474294858968,5.630158998392996
-0.7351470294058808,5.621323464532873
-0.7331466293258648,5.612511940275631
-0.7311462292458488,5.6037244256212695
-0.7291458291658328,5.59496092056979
-0.7271454290858168,5.58622142512119
-0.7251450290058008,5.577505939275471
-0.7231446289257848,5.568814463032633
-0.7211442288457688,5.5601469963926755
-0.7191438287657528,5.551503539355599
-0.7171434286857368,5.542884091921403
-0.7151430286057208,5.534288654090088
-0.7131426285257048,5.525717225861654
-0.7111422284456888,5.5171698072361
-0.7091418283656727,5.508646398213427
-0.7071414282856567,5.500146998793635
-0.7051410282056407,5.491671608976724
-0.7031406281256247,5.483220228762694
-0.7011402280456087,5.474792858151544
-0.6991398279655927,5.466389497143275
-0.6971394278855767,5.458010145737887
-0.6951390278055607,5.44965480393538
-0.6931386277255447,5.441323471735753
-0.6911382276455287,5.433016149139008
-0.6891378275655127,5.424732836145143
-0.6871374274854967,5.416473532754159
-0.6851370274054807,5.408238238966055
-0.6831366273254647,5.400026954780833
-0.6811362272454486,5.3918396801984905
-0.6791358271654326,5.383676415219029
-0.6771354270854166,5.375537159842449
-0.6751350270054015,5.3674219140687525
-0.6731346269253855,5.359330677897933
-0.6711342268453695,5.351263451329996
-0.6691338267653535,5.343220234364939
-0.6671334266853375,5.335201027002761
-0.6651330266053215,5.327205829243466
-0.6631326265253055,5.319234641087051
-0.6611322264452895,5.3112874625335165
-0.6591318263652735,5.303364293582863
-0.6571314262852574,5.295465134235091
-0.6551310262052414,5.287589984490198
-0.6531306261252254,5.279738844348187
-0.6511302260452094,5.2719117138090565
-0.6491298259651934,5.264108592872807
-0.6471294258851774,5.256329481539438
-0.6451290258051614,5.24857437980895
-0.6431286257251454,5.240843287681343
-0.6411282256451294,5.233136205156616
-0.6391278255651134,5.22545313223477
-0.6371274254850974,5.217794068915805
-0.6351270254050814,5.210159015199721
-0.6331266253250654,5.202547971086517
-0.6311262252450494,5.194960936576194
-0.6291258251650333,5.187397911668752
-0.6271254250850173,5.179858896364191
-0.6251250250050013,5.1723438906625105
-0.6231246249249853,5.164852894563711
-0.6211242248449693,5.157385908067792
-0.6191238247649533,5.1499429311747535
-0.6171234246849373,5.142523963884597
-0.6151230246049213,5.13512900619732
-0.6131226245249053,5.127758058112924
-0.6111222244448893,5.120411119631409
-0.6091218243648733,5.113088190752775
-0.6071214242848573,5.105789271477021
-0.6051210242048413,5.098514361804148
-0.6031206241248253,5.091263461734156
-0.6011202240448092,5.0840365712670454
-0.5991198239647932,5.076833690402815
-0.5971194238847772,5.069654819141465
-0.5951190238047612,5.062499957482996
-0.5931186237247452,5.055369105427408
-0.5911182236447292,5.0482622629747
-0.5891178235647132,5.041179430124874
-0.5871174234846972,5.034120606877928
-0.5851170234046812,5.027085793233862
-0.5831166233246652,5.020074989192678
-0.5811162232446492,5.013088194754375
-0.5791158231646332,5.006125409918952
-0.5771154230846172,4.99918663468641
-0.5751150230046012,4.992271869056749
-0.5731146229245851,4.985381113029968
-0.5711142228445691,4.978514366606069
-0.5691138227645531,4.97167162978505
-0.5671134226845371,4.9648529025669115
-0.5651130226045211,4.958058184951654
-0.5631126225245051,4.951287476939277
-0.5611122224444891,4.944540778529781
-0.5591118223644731,4.937818089723167
-0.5571114222844571,4.9311194105194325
-0.5551110222044411,4.924444740918578
-0.5531106221244251,4.917794080920606
-0.5511102220444091,4.911167430525514
-0.5491098219643931,4.9045647897333025
-0.5471094218843771,4.897986158543972
-0.545109021804361,4.891431536957522
-0.543108621724345,4.8849009249739535
-0.541108221644329,4.878394322593265
-0.539107821564313,4.871911729815458
-0.537107421484297,4.865453146640531
-0.535107021404281,4.859018573068485
-0.533106621324265,4.8526080090993196
-0.531106221244249,4.846221454733035
-0.529105821164233,4.839858909969632
-0.527105421084217,4.833520374809109
-0.525105021004201,4.827205849251467
-0.523104620924185,4.820915333296706
-0.521104220844169,4.8146488269448255
-0.519103820764153,4.808406330195826
-0.517103420684137,4.8021878430497065
-0.5151030206041209,4.795993365506469
-0.5131026205241049,4.789822897566111
-0.5111022204440889,4.783676439228634
-0.5091018203640729,4.777553990494038
-0.5071014202840569,4.771455551362323
-0.5051010202040409,4.765381121833489
-0.5031006201240249,4.759330701907535
-0.5011002200440089,4.753304291584462
-0.4990998199639929,4.747301890864271
-0.4970994198839769,4.741323499746959
-0.49509901980396087,4.735369118232528
-0.49309861972394486,4.729438746320978
-0.49109821964392886,4.72353238401231
-0.48909781956391285,4.717650031306522
-0.48709741948389684,4.711791688203614
-0.48509701940388084,4.705957354703587
-0.48309661932386483,4.700147030806441
-0.4810962192438488,4.694360716512176
-0.4790958191638328,4.6885984118207915
-0.4770954190838168,4.6828601167322885
-0.4750950190038008,4.677145831246666
-0.4730946189237848,4.671455555363924
-0.4710942188437688,4.665789289084062
-0.4690938187637528,4.660147032407082
-0.46709341868373677,4.654528785332982
-0.46509301860372076,4.648934547861763
-0.46309261852370476,4.643364319993425
-0.46109221844368875,4.637818101727968
-0.45909181836367274,4.632295893065391
-0.45709141828365674,4.6267976940056945
-0.45509101820364073,4.621323504548879
-0.4530906181236247,4.615873324694945
-0.4510902180436087,4.610447154443891
-0.4490898179635927,4.605044993795719
-0.4470894178835767,4.599666842750427
-0.4450890178035607,4.594312701308015
-0.4430886177235447,4.5889825694684845
-0.4410882176435287,4.583676447231834
-0.4390878175635127,4.578394334598066
-0.43708741748349667,4.573136231567178
-0.43508701740348066,4.56790213813917
-0.43308661732346465,4.562692054314043
-0.43108621724344864,4.557505980091797
-0.42908581716343264,4.552343915472433
-0.42708541708341663,4.547205860455948
-0.4250850170034006,4.542091815042344
-0.4230846169233846,4.5370017792316215
-0.4210842168433686,4.531935753023779
-0.4190838167633526,4.526893736418818
-0.4170834166833366,4.521875729416737
-0.4150830166033206,4.516881732017538
-0.4130826165233046,4.511911744221218
-0.4110822164432886,4.50696576602778
-0.40908181636327257,4.5020437974372225
-0.40708141628325656,4.497145838449546
-0.40508101620324055,4.49227188906475
-0.40308061612322454,4.487421949282835
-0.40108021604320854,4.4825960191038
-0.39907981596319253,4.477794098527647
-0.3970794158831765,4.473016187554374
-0.3950790158031605,4.468262286183982
-0.3930786157231445,4.463532394416471
-0.3910782156431285,4.45882651225184
-0.3890778155631125,4.454144639690091
-0.3870774154830965,4.449486776731221
-0.3850770154030805,4.444852923375233
-0.3830766153230645,4.4402430796221255
-0.38107621524304847,4.435657245471899
-0.37907581516303246,4.431095420924553
-0.37707541508301645,4.426557605980087
-0.37507501500300044,4.422043800638503
-0.37307461492298444,4.4175540048998
-0.37107421484296843,4.413088218763977
-0.3690738147629524,4.408646442231034
-0.3670734146829364,4.404228675300973
-0.3650730146029204,4.399834917973792
-0.3630726145229044,4.3954651702494925
-0.3610722144428884,4.3911194321280735
-0.3590718143628724,4.386797703609536
-0.3570714142828564,4.382499984693878
-0.3550710142028404,4.378226275381101
-0.35307061412282437,4.373976575671205
-0.35107021404280836,4.36975088556419
-0.34906981396279235,4.365549205060056
-0.34706941388277635,4.361371534158802
-0.34506901380276034,4.357217872860429
-0.34306861372274433,4.353088221164937
-0.3410682136427283,4.3489825790723255
-0.3390678135627123,4.3449009465825945
-0.3370674134826963,4.340843323695745
-0.3350670134026803,4.336809710411776
-0.3330666133226643,4.332800106730687
-0.3310662132426483,4.32881451265248
-0.3290658131626323,4.324852928177153
-0.3270654130826163,4.3209153533047076
-0.32506501300260027,4.317001788035142
-0.32306461292258426,4.313112232368457
-0.32106421284256825,4.309246686304654
-0.31906381276255225,4.305405149843731
-0.31706341268253624,4.301587622985689
-0.31506301260252023,4.297794105730527
-0.3130626125225042,4.294024598078247
-0.3110622124424882,4.290279100028847
-0.3090618123624722,4.286557611582328
-0.3070614122824562,4.28286013273869
-0.3050610122024402,4.279186663497932
-0.3030606121224242,4.275537203860055
-0.3010602120424082,4.2719117538250595
-0.2990598119623922,4.268310313392944
-0.29705941188237617,4.26473288256371
-0.29505901180236016,4.261179461337356
-0.29305861172234415,4.257650049713883
-0.29105821164232815,4.254144647693291
-0.28905781156231214,4.25066325527558
-0.28705741148229613,4.247205872460749
-0.2850570114022801,4.243772499248799
-0.2830566113222641,4.24036313563973
-0.2810562112422481,4.236977781633541
-0.2790558111622321,4.233616437230234
-0.2770554110822161,4.230279102429807
-0.2750550110022001,4.2269657772322615
-0.2730546109221841,4.223676461637596
-0.2710542108421681,4.220411155645811
-0.26905381076215207,4.217169859256908
-0.26705341068213606,4.213952572470885
-0.26505301060212005,4.210759295287743
-0.26305261052210405,4.207590027707481
-0.26105221044208804,4.204444769730101
-0.25905181036207203,4.201323521355601
-0.257051410282056,4.198226282583982
-0.25505101020204,4.195153053415243
-0.253050610122024,4.1921038338493855
-0.251050210042008,4.189078623886409
-0.249049809961992,4.186077423526313
-0.247049409881976,4.183100232769098
-0.24504900980195998,4.180147051614763
-0.24304860972194398,4.17721788006331
-0.24104820964192797,4.174312718114736
-0.23904780956191196,4.171431565769044
-0.23704740948189595,4.168574423026233
-0.23504700940187995,4.165741289886302
-0.23304660932186394,4.162932166349252
-0.23104620924184793,4.160147052415083
-0.22904580916183193,4.157385948083795
-0.22704540908181592,4.154648853355387
-0.2250450090017999,4.151935768229861
-0.2230446089217839,4.149246692707215
-0.2210442088417679,4.146581626787449
-0.21904380876175278,4.143940570470566
-0.21704340868173677,4.141323523756562
-0.21504300860172076,4.138730486645439
-0.21304260852170476,4.136161459137197
-0.21104220844168875,4.133616441231836
-0.20904180836167274,4.131095432929355
-0.20704140828165674,4.128598434229755
-0.20504100820164073,4.126125445133036
-0.20304060812162472,4.123676465639198
-0.20104020804160871,4.12125149574824
-0.1990398079615927,4.118850535460163
-0.1970394078815767,4.116473584774967
-0.1950390078015607,4.114120643692652
-0.19303860772154469,4.1117917122132175
-0.19103820764152868,4.109486790336663
-0.18903780756151267,4.107205878062991
-0.18703740748149666,4.104948975392198
-0.18503700740148066,4.102716082324287
-0.18303660732146465,4.1005071988592565
-0.18103620724144864,4.098322324997106
-0.17903580716143264,4.096161460737837
-0.17703540708141663,4.094024606081449
-0.17503500700140062,4.091911761027941
-0.17303460692138461,4.089822925577314
-0.1710342068413686,4.087758099729569
-0.1690338067613526,4.085717283484703
-0.1670334066813366,4.0837004768427185
-0.1650330066013206,4.081707679803615
-0.16303260652130458,4.079738892367391
-0.16103220644128857,4.07779411453405
-0.15903180636127257,4.075873346303588
-0.15703140628125656,4.0739765876760075
-0.15503100620124055,4.072103838651307
-0.15303060612122454,4.070255099229488
-0.15103020604120854,4.0684303694105495
-0.14902980596119253,4.066629649194492
-0.14702940588117652,4.064852938581315
-0.14502900580116052,4.063100237571019
-0.1430286057211445,4.0613715461636035
-0.1410282056411285,4.05966686435907
-0.1390278055611125,4.057986192157416
-0.1370274054810965,4.056329529558642
-0.13502700540108048,4.05469687656275
-0.13302660532106447,4.053088233169738
-0.13102620524104847,4.0515035993796085
-0.12902580516103246,4.049942975192359
-0.12702540508101645,4.048406360607989
-0.12502500500100044,4.046893755626501
-0.12302460492098444,4.045405160247893
-0.12102420484096843,4.043940574472166
-0.11902380476095242,4.04249999829932
-0.11702340468093642,4.041083431729355
-0.11502300460092041,4.03969087476227
-0.1130226045209044,4.038322327398066
-0.1110222044408884,4.036977789636743
-0.10902180436087239,4.035657261478301
-0.10702140428085638,4.03436074292274
-0.10502100420084037,4.033088233970059
-0.10302060412082437,4.031839734620259
-0.10102020404080836,4.030615244873339
-0.09901980396079235,4.029414764729301
-0.09701940388077634,4.028238294188143
-0.09501900380076034,4.027085833249867
-0.09301860372074433,4.025957381914471
-0.09101820364072832,4.0248529401819555
-0.08901780356071232,4.02377250805232
-0.08701740348069631,4.022716085525567
-0.0850170034006803,4.021683672601694
-0.0830166033206643,4.0206752692807015
-0.08101620324064829,4.01969087556259
-0.07901580316063228,4.018730491447359
-0.07701540308061627,4.0177941169350095
-0.07501500300060027,4.01688175202554
-0.07301460292058426,4.015993396718952
-0.07101420284056825,4.015129051015244
-0.06901380276055225,4.014288714914417
-0.06701340268053624,4.013472388416471
-0.06501300260052023,4.012680071521406
-0.06301260252050422,4.011911764229221
-0.06101220244048822,4.011167466539917
-0.05901180236047221,4.010447178453495
-0.0570114022804562,4.009750899969952
-0.055011002200440196,4.009078631089291
-0.05301060212042419,4.00843037181151
-0.05101020204040818,4.00780612213661
-0.049009801960392174,4.00720588206459
-0.04700940188037617,4.0066296515954525
-0.04500900180036016,4.006077430729195
-0.04300860172034415,4.005549219465817
-0.041008201640328146,4.005045017805322
-0.03900780156031214,4.004564825747706
-0.03700740148029613,4.004108643292971
-0.035007001400280124,4.003676470441118
-0.03300660132026412,4.003268307192145
-0.03100620124024811,4.002884153546052
-0.029005801160232103,4.0025240095028405
-0.027005401080216096,4.00218787506251
-0.02500500100020009,4.00187575022506
-0.023004600920184082,4.001587634990491
-0.021004200840168075,4.001323529358802
-0.019003800760152068,4.0010834333299945
-0.01700340068013606,4.000867346904068
-0.015003000600120053,4.000675270081022
-0.013002600520104046,4.000507202860856
-0.011002200440088039,4.000363145243572
-0.009001800360072032,4.000243097229168
-0.007001400280056025,4.000147058817645
-0.005001000200040018,4.000075030009002
-0.0030006001200240107,4.000027010803241
-0.0010002000400080036,4.00000300120036
0.0010002000400080036,4.00000300120036
0.0030006001200240107,4.000027010803241
0.005001000200040018,4.000075030009002
0.007001400280056025,4.000147058817645
0.009001800360072032,4.000243097229168
0.011002200440088039,4.000363145243572
0.013002600520104046,4.000507202860856
0.015003000600120053,4.000675270081022
0.01700340068013606,4.000867346904068
0.019003800760152068,4.0010834333299945
0.021004200840168075,4.001323529358802
0.023004600920184082,4.001587634990491
0.02500500100020009,4.00187575022506
0.027005401080216096,4.00218787506251
0.029005801160232103,4.0025240095028405
0.03100620124024811,4.002884153546052
0.03300660132026412,4.003268307192145
0.035007001400280124,4.003676470441118
0.03700740148029613,4.004108643292971
0.03900780156031214,4.004564825747706
0.041008201640328146,4.005045017805322
0.04300860172034415,4.005549219465817
0.04500900180036016,4.006077430729195
0.04700940188037617,4.0066296515954525
0.049009801960392174,4.00720588206459
0.05101020204040818,4.00780612213661
0.05301060212042419,4.00843037181151
0.055011002200440196,4.009078631089291
0.0570114022804562,4.009750899969952
0.05901180236047221,4.010447178453495
0.06101220244048822,4.011167466539917
0.06301260252050422,4.011911764229221
0.06501300260052023,4.012680071521406
0.06701340268053624,4.013472388416471
0.06901380276055225,4.014288714914417
0.07101420284056825,4.015129051015244
0.07301460292058426,4.015993396718952
0.07501500300060027,4.01688175202554
0.07701540308061627,4.0177941169350095
0.07901580316063228,4.018730491447359
0.08101620324064829,4.01969087556259
0.0830166033206643,4.0206752692807015
0.0850170034006803,4.021683672601694
0.08701740348069631,4.022716085525567
0.08901780356071232,4.02377250805232
0.09101820364072832,4.0248529401819555
0.09301860372074433,4.025957381914471
0.09501900380076034,4.027085833249867
0.09701940388077634,4.028238294188143
0.09901980396079235,4.029414764729301
0.10102020404080836,4.030615244873339
0.10302060412082437,4.031839734620259
0.10502100420084037,4.033088233970059
0.10702140428085638,4.03436074292274
0.10902180436087239,4.035657261478301
0.1110222044408884,4.036977789636743
0.1130226045209044,4.038322327398066
0.11502300460092041,4.03969087476227
0.11702340468093642,4.041083431729355
0.11902380476095242,4.04249999829932
0.12102420484096843,4.043940574472166
0.12302460492098444,4.045405160247893
0.12502500500100044,4.046893755626501
0.12702540508101645,4.048406360607989
0.12902580516103246,4.049942975192359
0.13102620524104847,4.0515035993796085
0.13302660532106447,4.053088233169738
0.13502700540108048,4.05469687656275
0.1370274054810965,4.056329529558642
0.1390278055611125,4.057986192157416
0.1410282056411285,4.05966686435907
0.1430286057211445,4.0613715461636035
0.14502900580116052,4.063100237571019
0.14702940588117652,4.064852938581315
0.14902980596119253,4.066629649194492
0.15103020604120854,4.0684303694105495
0.15303060612122454,4.070255099229488
0.15503100620124055,4.072103838651307
0.15703140628125656,4.0739765876760075
0.15903180636127257,4.075873346303588
0.16103220644128857,4.07779411453405
0.16303260652130458,4.079738892367391
0.1650330066013206,4.081707679803615
0.1670334066813366,4.0837004768427185
0.1690338067613526,4.085717283484703
0.1710342068413686,4.087758099729569
0.17303460692138461,4.089822925577314
0.17503500700140062,4.091911761027941
0.17703540708141663,4.094024606081449
0.17903580716143264,4.096161460737837
0.18103620724144864,4.098322324997106
0.18303660732146465,4.1005071988592565
0.18503700740148066,4.102716082324287
0.18703740748149666,4.104948975392198
0.18903780756151267,4.107205878062991
0.19103820764152868,4.109486790336663
0.19303860772154469,4.1117917122132175
0.1950390078015607,4.114120643692652
0.1970394078815767,4.116473584774967
0.1990398079615927,4.118850535460163
0.20104020804160871,4.12125149574824
0.20304060812162472,4.123676465639198
0.20504100820164073,4.126125445133036
0.20704140828165674,4.128598434229755
0.20904180836167274,4.131095432929355
0.21104220844168875,4.133616441231836
0.21304260852170476,4.136161459137197
0.21504300860172076,4.138730486645439
0.21704340868173677,4.141323523756562
0.21904380876175278,4.143940570470566
0.22104420884176879,4.146581626787451
0.2230446089217848,4.149246692707216
0.2250450090018008,4.151935768229862
0.2270454090818168,4.154648853355389
0.22904580916183281,4.157385948083796
0.23104620924184882,4.160147052415085
0.23304660932186483,4.162932166349254
0.23504700940187995,4.165741289886302
0.23704740948189595,4.168574423026233
0.23904780956191196,4.171431565769044
0.24104820964192797,4.174312718114736
0.24304860972194398,4.17721788006331
0.24504900980195998,4.180147051614763
0.247049409881976,4.183100232769098
0.249049809961992,4.186077423526313
0.251050210042008,4.189078623886409
0.253050610122024,4.1921038338493855
0.25505101020204,4.195153053415243
0.257051410282056,4.198226282583982
0.25905181036207203,4.201323521355601
0.26105221044208804,4.204444769730101
0.26305261052210405,4.207590027707481
0.26505301060212005,4.210759295287743
0.26705341068213606,4.213952572470885
0.26905381076215207,4.217169859256908
0.2710542108421681,4.220411155645811
0.2730546109221841,4.223676461637596
0.2750550110022001,4.2269657772322615
0.2770554110822161,4.230279102429807
0.2790558111622321,4.233616437230234
0.2810562112422481,4.236977781633541
0.2830566113222641,4.24036313563973
0.2850570114022801,4.243772499248799
0.28705741148229613,4.247205872460749
0.28905781156231214,4.25066325527558
0.29105821164232815,4.254144647693291
0.29305861172234415,4.257650049713883
0.29505901180236016,4.261179461337356
0.29705941188237617,4.26473288256371
0.2990598119623922,4.268310313392944
0.3010602120424082,4.2719117538250595
0.3030606121224242,4.275537203860055
0.3050610122024402,4.279186663497932
0.3070614122824562,4.28286013273869
0.3090618123624722,4.286557611582328
0.3110622124424882,4.290279100028847
0.3130626125225042,4.294024598078247
0.31506301260252023,4.297794105730527
0.31706341268253624,4.301587622985689
0.31906381276255225,4.305405149843731
0.32106421284256825,4.309246686304654
0.32306461292258426,4.313112232368457
0.32506501300260027,4.317001788035142
0.3270654130826163,4.3209153533047076
0.3290658131626323,4.324852928177153
0.3310662132426483,4.32881451265248
0.3330666133226643,4.332800106730687
0.3350670134026803,4.336809710411776
0.3370674134826963,4.340843323695745
0.3390678135627123,4.3449009465825945
0.3410682136427283,4.3489825790723255
0.34306861372274433,4.353088221164937
0.34506901380276034,4.357217872860429
0.34706941388277635,4.361371534158802
0.34906981396279235,4.365549205060056
0.35107021404280836,4.36975088556419
0.35307061412282437,4.373976575671205
0.3550710142028404,4.378226275381101
0.3570714142828564,4.382499984693878
0.3590718143628724,4.386797703609536
0.3610722144428884,4.3911194321280735
0.3630726145229044,4.3954651702494925
0.3650730146029204,4.399834917973792
0.3670734146829364,4.404228675300973
0.3690738147629524,4.408646442231034
0.37107421484296843,4.413088218763977
0.37307461492298444,4.4175540048998
0.37507501500300044,4.422043800638503
0.37707541508301645,4.426557605980087
0.37907581516303246,4.431095420924553
0.38107621524304847,4.435657245471899
0.3830766153230645,4.4402430796221255
0.3850770154030805,4.444852923375233
0.3870774154830965,4.449486776731221
0.3890778155631125,4.454144639690091
0.3910782156431285,4.45882651225184
0.3930786157231445,4.463532394416471
0.3950790158031605,4.468262286183982
0.3970794158831765,4.473016187554374
0.39907981596319253,4.477794098527647
0.40108021604320854,4.4825960191038
0.40308061612322454,4.487421949282835
0.40508101620324055,4.49227188906475
0.40708141628325656,4.497145838449546
0.40908181636327257,4.5020437974372225
0.4110822164432886,4.50696576602778
0.4130826165233046,4.511911744221218
0.4150830166033206,4.516881732017538
0.4170834166833366,4.521875729416737
0.4190838167633526,4.526893736418818
0.4210842168433686,4.531935753023779
0.4230846169233846,4.5370017792316215
0.4250850170034006,4.542091815042344
0.42708541708341663,4.547205860455948
0.42908581716343264,4.552343915472433
0.43108621724344864,4.557505980091797
0.43308661732346465,4.562692054314043
0.43508701740348066,4.56790213813917
0.43708741748349667,4.573136231567178
0.4390878175635127,4.578394334598066
0.4410882176435287,4.583676447231834
0.4430886177235447,4.5889825694684845
0.4450890178035607,4.594312701308015
0.4470894178835767,4.599666842750427
0.4490898179635927,4.605044993795719
0.4510902180436087,4.610447154443891
0.4530906181236247,4.615873324694945
0.45509101820364073,4.621323504548879
0.45709141828365674,4.6267976940056945
0.45909181836367274,4.632295893065391
0.46109221844368875,4.637818101727968
0.46309261852370476,4.643364319993425
0.46509301860372076,4.648934547861763
0.46709341868373677,4.654528785332982
0.4690938187637528,4.660147032407082
0.4710942188437688,4.665789289084062
0.4730946189237848,4.671455555363924
0.4750950190038008,4.677145831246666
0.4770954190838168,4.6828601167322885
0.4790958191638328,4.6885984118207915
0.4810962192438488,4.694360716512176
0.48309661932386483,4.700147030806441
0.48509701940388084,4.705957354703587
0.48709741948389684,4.711791688203614
0.48909781956391285,4.717650031306522
0.49109821964392886,4.72353238401231
0.49309861972394486,4.729438746320978
0.49509901980396087,4.735369118232528
0.4970994198839769,4.741323499746959
0.4990998199639929,4.747301890864271
0.5011002200440089,4.753304291584462
0.5031006201240249,4.759330701907535
0.5051010202040409,4.765381121833489
0.5071014202840569,4.771455551362323
0.5091018203640729,4.777553990494038
0.5111022204440889,4.783676439228634
0.5131026205241049,4.789822897566111
0.5151030206041209,4.795993365506469
0.517103420684137,4.8021878430497065
0.519103820764153,4.808406330195826
0.521104220844169,4.8146488269448255
0.523104620924185,4.820915333296706
0.525105021004201,4.827205849251467
0.527105421084217,4.833520374809109
0.529105821164233,4.839858909969632
0.531106221244249,4.846221454733035
0.533106621324265,4.8526080090993196
0.535107021404281,4.859018573068485
0.537107421484297,4.865453146640531
0.539107821564313,4.871911729815458
0.541108221644329,4.878394322593265
0.543108621724345,4.8849009249739535
0.545109021804361,4.891431536957522
0.5471094218843771,4.897986158543972
0.5491098219643931,4.9045647897333025
0.5511102220444091,4.911167430525514
0.5531106221244251,4.917794080920606
0.5551110222044411,4.924444740918578
0.5571114222844571,4.9311194105194325
0.5591118223644731,4.937818089723167
0.5611122224444891,4.944540778529781
0.5631126225245051,4.951287476939277
0.5651130226045211,4.958058184951654
0.5671134226845371,4.9648529025669115
0.5691138227645531,4.97167162978505
0.5711142228445691,4.978514366606069
0.5731146229245851,4.985381113029968
0.5751150230046012,4.992271869056749
0.5771154230846172,4.99918663468641
0.5791158231646332,5.006125409918952
0.5811162232446492,5.013088194754375
0.5831166233246652,5.020074989192678
0.5851170234046812,5.027085793233862
0.5871174234846972,5.034120606877928
0.5891178235647132,5.041179430124874
0.5911182236447292,5.0482622629747
0.5931186237247452,5.055369105427408
0.5951190238047612,5.062499957482996
0.5971194238847772,5.069654819141465
0.5991198239647932,5.076833690402815
0.6011202240448092,5.0840365712670454
0.6031206241248253,5.091263461734156
0.6051210242048413,5.098514361804148
0.6071214242848573,5.105789271477021
0.6091218243648733,5.113088190752775
0.6111222244448893,5.120411119631409
0.6131226245249053,5.127758058112924
0.6151230246049213,5.13512900619732
0.6171234246849373,5.142523963884597
0.6191238247649533,5.1499429311747535
0.6211242248449693,5.157385908067792
0.6231246249249853,5.164852894563711
0.6251250250050013,5.1723438906625105
0.6271254250850173,5.179858896364191
0.6291258251650333,5.187397911668752
0.6311262252450494,5.194960936576194
0.6331266253250654,5.202547971086517
0.6351270254050814,5.210159015199721
0.6371274254850974,5.217794068915805
0.6391278255651134,5.22545313223477
0.6411282256451294,5.233136205156616
0.6431286257251454,5.240843287681343
0.6451290258051614,5.24857437980895
0.6471294258851774,5.256329481539438
0.6491298259651934,5.264108592872807
0.6511302260452094,5.2719117138090565
0.6531306261252254,5.279738844348187
0.6551310262052414,5.287589984490198
0.6571314262852574,5.295465134235091
0.6591318263652735,5.303364293582863
0.6611322264452895,5.3112874625335165
0.6631326265253055,5.319234641087051
0.6651330266053215,5.327205829243466
0.6671334266853375,5.335201027002761
0.6691338267653535,5.343220234364939
0.6711342268453695,5.351263451329996
0.6731346269253855,5.359330677897933
0.6751350270054015,5.3674219140687525
0.6771354270854175,5.375537159842453
0.6791358271654335,5.383676415219033
0.6811362272454495,5.391839680198494
0.6831366273254655,5.400026954780836
0.6851370274054815,5.408238238966058
0.6871374274854976,5.416473532754162
0.6891378275655136,5.424732836145147
0.6911382276455287,5.433016149139008
0.6931386277255447,5.441323471735753
0.6951390278055607,5.44965480393538
0.6971394278855767,5.458010145737887
0.6991398279655927,5.466389497143275
0.7011402280456087,5.474792858151544
0.7031406281256247,5.483220228762694
0.7051410282056407,5.491671608976724
0.7071414282856567,5.500146998793635
0.7091418283656727,5.508646398213427
0.7111422284456888,5.5171698072361
0.7131426285257048,5.525717225861654
0.7151430286057208,5.534288654090088
0.7171434286857368,5.542884091921403
0.7191438287657528,5.551503539355599
0.7211442288457688,5.5601469963926755
0.7231446289257848,5.568814463032633
0.7251450290058008,5.577505939275471
0.7271454290858168,5.58622142512119
0.7291458291658328,5.59496092056979
0.7311462292458488,5.6037244256212695
0.7331466293258648,5.612511940275631
0.7351470294058808,5.621323464532873
0.7371474294858968,5.630158998392996
0.7391478295659129,5.639018541855999
0.7411482296459289,5.647902094921884
0.7431486297259449,5.656809657590649
0.7451490298059609,5.665741229862294
0.7471494298859769,5.674696811736821
0.7491498299659929,5.683676403214228
0.7511502300460089,5.692680004294516
0.7531506301260249,5.7017076149776855
0.7551510302060409,5.710759235263735
0.7571514302860569,5.719834865152665
0.7591518303660729,5.728934504644476
0.7611522304460889,5.738058153739168
0.7631526305261049,5.747205812436741
0.7651530306061209,5.756377480737195
0.767153430686137,5.765573158640528
0.769153830766153,5.7747928461467435
0.771154230846169,5.784036543255839
0.773154630926185,5.793304249967816
0.775155031006201,5.802595966282674
0.777155431086217,5.811911692200411
0.779155831166233,5.82125142772103
0.781156231246249,5.83061517284453
0.783156631326265,5.84000292757091
0.785157031406281,5.849414691900171
0.787157431486297,5.8588504658323135
0.789157831566313,5.868310249367336
0.791158231646329,5.877794042505239
0.793158631726345,5.887301845246023
0.795159031806361,5.8968336575896885
0.7971594318863771,5.906389479536234
0.7991598319663931,5.915969311085661
0.8011602320464091,5.925573152237968
0.8031606321264251,5.935201002993156
0.8051610322064411,5.944852863351225
0.8071614322864571,5.954528733312174
0.8091618323664731,5.9642286128760045
0.8111622324464891,5.9739525020427156
0.8131626325265051,5.9837004008123085
0.8151630326065211,5.993472309184781
0.8171634326865371,6.0032682271601345
0.8191638327665531,6.013088154738368
0.8211642328465691,6.022932091919483
0.8231646329265851,6.0328000387034795
0.8251650330066012,6.0426919950903555
0.8271654330866172,6.052607961080113
0.8291658331666332,6.06254793667275
0.8311662332466492,6.072511921868269
0.8331666333266652,6.082499916666669
0.8351670334066812,6.092511921067949
0.8371674334866972,6.102547935072111
0.8391678335667132,6.112607958679153
0.8411682336467292,6.122691991889075
0.8431686337267452,6.132800034701878
0.8451690338067612,6.142932087117563
0.8471694338867772,6.153088149136128
0.8491698339667932,6.1632682207575735
0.8511702340468092,6.1734723019819
0.8531706341268253,6.183700392809108
0.8551710342068413,6.193952493239196
0.8571714342868573,6.204228603272164
0.8591718343668733,6.214528722908014
0.8611722344468893,6.2248528521467446
0.8631726345269053,6.235200990988355
0.8651730346069213,6.245573139432848
0.8671734346869373,6.25596929748022
0.8691738347669533,6.266389465130473
0.8711742348469693,6.2768336423836075
0.8731746349269853,6.287301829239622
0.8751750350070013,6.2977940256985185
0.8771754350870173,6.308310231760295
0.8791758351670333,6.318850447424952
0.8811762352470494,6.32941467269249
0.8831766353270654,6.3400029075629085
0.8851770354070814,6.350615152036208
0.8871774354870974,6.361251406112388
0.8891778355671134,6.37191166979145
0.8911782356471294,6.382595943073392
0.8931786357271454,6.3933042259582145
0.8951790358071614,6.404036518445917
0.8971794358871774,6.414792820536501
0.8991798359671934,6.4255731322299665
0.9011802360472094,6.436377453526312
0.9031806361272254,6.447205784425538
0.9051810362072414,6.458058124927646
0.9071814362872574,6.4689344750326345
0.9091818363672735,6.479834834740503
0.9111822364472895,6.490759204051253
0.9131826365273055,6.501707582964883
0.9151830366073215,6.512679971481393
0.9171834366873375,6.523676369600786
0.9191838367673535,6.534696777323058
0.9211842368473695,6.545741194648212
0.9231846369273855,6.556809621576246
0.9251850370074015,6.56790205810716
0.9271854370874175,6.579018504240956
0.9291858371674335,6.590158959977632
0.9311862372474495,6.60132342531719
0.9331866373274655,6.612511900259628
0.9351870374074815,6.623724384804946
0.9371874374874976,6.634960878953146
0.9391878375675136,6.646221382704226
0.9411882376475296,6.657505896058188
0.9431886377275456,6.66881441901503
0.9451890378075616,6.680146951574752
0.9471894378875776,6.691503493737356
0.9491898379675936,6.70288404550284
0.9511902380476096,6.714288606871205
0.9531906381276256,6.7257171778424505
0.9551910382076416,6.737169758416577
0.9571914382876576,6.748646348593584
0.9591918383676736,6.760146948373472
0.9611922384476896,6.771671557756241
0.9631926385277056,6.7832201767418905
0.9651930386077217,6.79479280533042
0.9671934386877377,6.806389443521832
0.9691938387677537,6.818010091316124
0.9711942388477697,6.8296547487132955
0.9731946389277857,6.841323415713349
0.9751950390078017,6.853016092316284
0.9771954390878177,6.864732778522098
0.9791958391678337,6.876473474330794
0.9811962392478497,6.888238179742371
0.9831966393278657,6.900026894756827
0.9851970394078817,6.911839619374166
0.9871974394878977,6.923676353594384
0.9891978395679137,6.935537097417484
0.9911982396479297,6.947421850843464
0.9931986397279458,6.959330613872325
0.9951990398079618,6.9712633865040665
0.9971994398879778,6.98322016873869
0.9991998399679938,6.995200960576193
1.0012002400480098,7.007205762016577
1.0032006401280258,7.019234573059842
1.0052010402080418,7.031287393705988
1.0072014402880578,7.043364223955014
1.0092018403680738,7.055465063806921
1.0112022404480898,7.06758991326171
1.0132026405281058,7.079738772319378
1.0152030406081218,7.091911640979927
1.0172034406881378,7.104108519243358
1.0192038407681538,7.116329407109669
1.0212042408481699,7.12857430457886
1.0232046409281859,7.1408432116509335
1.0252050410082019,7.153136128325887
1.0272054410882179,7.16545305460372
1.0292058411682339,7.177793990484435
1.0312062412482499,7.190158935968031
1.033206641328266,7.2025478910545075
1.035207041408282,7.214960855743865
1.037207441488298,7.227397830036103
1.039207841568314,7.239858813931221
1.04120824164833,7.252343807429221
1.043208641728346,7.264852810530101
1.045209041808362,7.277385823233862
1.047209441888378,7.289942845540504
1.049209841968394,7.302523877450026
1.05121024204841,7.315128918962429
1.053210642128426,7.327757970077714
1.055211042208442,7.340411030795879
1.057211442288458,7.353088101116924
1.059211842368474,7.365789181040851
1.06121224244849,7.378514270567658
1.063212642528506,7.391263369697346
1.065213042608522,7.404036478429915
1.067213442688538,7.416833596765365
1.069213842768554,7.429654724703695
1.07121424284857,7.4424998622449055
1.073214642928586,7.455369009388997
1.075215043008602,7.46826216613597
1.077215443088618,7.481179332485823
1.079215843168634,7.494120508438558
1.08121624324865,7.507085693994172
1.083216643328666,7.520074889152667
1.085217043408682,7.533088093914044
1.087217443488698,7.546125308278301
1.089217843568714,7.559186532245439
1.09121824364873,7.572271765815458
1.093218643728746,7.5853810089883575
1.0952190438087621,7.598514261764137
1.0972194438887781,7.611671524142799
1.0992198439687941,7.62485279612434
1.1012202440488101,7.638058077708763
1.1032206441288261,7.651287368896066
1.1052210442088422,7.66454066968625
1.1072214442888582,7.677817980079315
1.1092218443688742,7.691119300075261
1.1112222444488902,7.704444629674088
1.1132226445289062,7.717793968875794
1.1152230446089222,7.731167317680383
1.1172234446889382,7.744564676087851
1.1192238447689542,7.7579860440982005
1.1212242448489702,7.77143142171143
1.1232246449289862,7.784900808927541
1.1252250450090022,7.798394205746533
1.1272254450890182,7.811911612168405
1.1292258451690342,7.825453028193159
1.1312262452490502,7.839018453820794
1.1332266453290663,7.852607889051308
1.1352270454090823,7.866221333884703
1.1372274454890983,7.8798587883209805
1.1392278455691143,7.893520252360137
1.1412282456491303,7.907205726002175
1.1432286457291463,7.920915209247093
1.1452290458091614,7.934648702094886
1.1472294458891774,7.948406204545567
1.1492298459691934,7.962187716599129
1.1512302460492094,7.97599323825557
1.1532306461292254,7.989822769514893
1.1552310462092414,8.003676310377095
1.1572314462892574,8.01755386084218
1.1592318463692735,8.031455420910145
1.1612322464492895,8.045380990580991
1.1632326465293055,8.059330569854716
1.1652330466093215,8.073304158731323
1.1672334466893375,8.087301757210811
1.1692338467693535,8.10132336529318
1.1712342468493695,8.11536898297843
1.1732346469293855,8.12943861026656
1.1752350470094015,8.14353224715757
1.1772354470894175,8.157649893651463
1.1792358471694335,8.171791549748235
1.1812362472494495,8.185957215447889
1.1832366473294655,8.200146890750421
1.1852370474094815,8.214360575655837
1.1872374474894976,8.228598270164133
1.1892378475695136,8.242859974275309
1.1912382476495296,8.257145687989365
1.1932386477295456,8.271455411306304
1.1952390478095616,8.285789144226122
1.1972394478895776,8.300146886748822
1.1992398479695936,8.314528638874402
1.2012402480496096,8.328934400602863
1.2032406481296256,8.343364171934205
1.2052410482096416,8.357817952868427
1.2072414482896576,8.37229574340553
1.2092418483696736,8.386797543545514
1.2112422484496896,8.40132335328838
1.2132426485297056,8.415873172634125
1.2152430486097217,8.43044700158275
1.2172434486897377,8.445044840134258
1.2192438487697537,8.459666688288646
1.2212442488497697,8.474312546045915
1.2232446489297857,8.488982413406063
1.2252450490098017,8.503676290369093
1.2272454490898177,8.518394176935004
1.2292458491698337,8.533136073103798
1.2312462492498497,8.547901978875469
1.2332466493298657,8.562691894250023
1.2352470494098817,8.577505819227456
1.2372474494898977,8.592343753807771
1.2392478495699137,8.607205697990967
1.2412482496499297,8.622091651777044
1.2432486497299458,8.637001615166
1.2452490498099618,8.651935588157837
1.2472494498899778,8.666893570752556
1.2492498499699938,8.681875562950156
1.2512502500500098,8.696881564750637
1.2532506501300258,8.711911576153998
1.2552510502100418,8.726965597160238
1.2572514502900578,8.74204362776936
1.2592518503700738,8.757145667981364
1.2612522504500898,8.772271717796247
1.2632526505301058,8.787421777214014
1.2652530506101218,8.80259584623466
1.2672534506901378,8.817793924858185
1.2692538507701538,8.833016013084592
1.2712542508501699,8.848262110913879
1.2732546509301859,8.863532218346048
1.2752550510102019,8.878826335381099
1.2772554510902179,8.894144462019028
1.2792558511702339,8.90948659825984
1.28125625125025,8.92485274410353
1.283256651330266,8.940242899550103
1.285257051410282,8.955657064599556
1.287257451490298,8.971095239251891
1.289257851570314,8.986557423507104
1.29125825165033,9.0020436173652
1.293258651730346,9.017553820826176
1.295259051810362,9.033088033890033
1.297259451890378,9.048646256556772
1.299259851970394,9.06422848882639
1.30126025205041,9.07983473069889
1.303260652130426,9.09546498217427
1.305261052210442,9.111119243252531
1.307261452290458,9.126797513933672
1.309261852370474,9.142499794217695
1.31126225245049,9.158226084104598
1.313262652530506,9.173976383594383
1.315263052610522,9.189750692687046
1.317263452690538,9.205549011382592
1.319263852770554,9.221371339681017
1.32126425285057,9.237217677582326
1.323264652930586,9.253088025086512
1.325265053010602,9.268982382193581
1.327265453090618,9.284900748903532
1.329265853170634,9.30084312521636
1.33126625325065,9.316809511132071
1.333266653330666,9.332799906650664
1.335267053410682,9.348814311772136
1.337267453490698,9.364852726496489
1.339267853570714,9.380915150823723
1.34126825365073,9.397001584753838
1.343268653730746,9.413112028286832
1.3452690538107621,9.429246481422709
1.3472694538907781,9.445404944161467
1.3492698539707941,9.461587416503104
1.3512702540508101,9.477793898447622
1.3532706541308261,9.494024389995023
1.3552710542108422,9.510278891145301
1.3572714542908582,9.526557401898463
1.3592718543708742,9.542859922254504
1.3612722544508902,9.559186452213428
1.3632726545309062,9.57553699177523
1.3652730546109222,9.591911540939915
1.3672734546909382,9.608310099707479
1.3692738547709542,9.624732668077925
1.3712742548509702,9.641179246051252
1.3732746549309862,9.657649833627458
1.3752750550110022,9.674144430806546
1.3772754550910182,9.690663037588514
1.3792758551710342,9.707205653973364
1.3812762552510502,9.723772279961093
1.3832766553310663,9.740362915551703
1.3852770554110823,9.756977560745195
1.3872774554910983,9.77361621554157
1.3892778555711143,9.790278879940821
1.3912782556511303,9.806965553942955
1.3932786557311463,9.823676237547971
1.3952790558111623,9.840410930755866
1.3972794558911783,9.857169633566642
1.3992798559711943,9.8739523459803
1.4012802560512103,9.890759067996836
1.4032806561312263,9.907589799616254
1.4052810562112423,9.924444540838554
1.4072814562912583,9.941323291663736
1.4092818563712743,9.958226052091796
1.4112822564512904,9.975152822122737
1.4132826565313064,9.99210360175656
1.4152830566113224,10.009078390993263
1.4172834566913384,10.026077189832847
1.4192838567713544,10.043099998275311
1.4212842568513704,10.060146816320657
1.4232846569313864,10.077217643968883
1.4252850570114024,10.09431248121999
1.4272854570914184,10.111431328073976
1.4292858571714344,10.128574184530846
1.4312862572514504,10.145741050590594
1.4332866573314664,10.162931926253226
1.4352870574114824,10.180146811518735
1.4372874574914984,10.197385706387127
1.4392878575715145,10.2146486108584
1.4412882576515305,10.231935524932553
1.4432886577315465,10.249246448609586
1.4452890578115625,10.266581381889502
1.4472894578915785,10.283940324772297
1.4492898579715945,10.301323277257975
1.4512902580516105,10.31873023934653
1.4532906581316265,10.336161211037968
1.4552910582116425,10.353616192332286
1.4572914582916585,10.371095183229485
1.4592918583716745,10.388598183729567
1.4612922584516905,10.406125193832526
1.4632926585317065,10.423676213538368
1.4652930586117225,10.441251242847091
1.4672934586917386,10.458850281758693
1.4692938587717546,10.476473330273178
1.4712942588517706,10.494120388390542
1.4732946589317866,10.511791456110789
1.4752950590118026,10.529486533433914
1.4772954590918186,10.547205620359922
1.4792958591718346,10.564948716888809
1.4812962592518506,10.582715823020578
1.4832966593318666,10.600506938755228
1.4852970594118826,10.618322064092757
1.4872974594918986,10.636161199033168
1.4892978595719146,10.65402434357646
1.4912982596519306,10.671911497722633
1.4932986597319466,10.689822661471684
1.4952990598119626,10.707757834823617
1.4972994598919787,10.725717017778432
1.4992998599719947,10.74370021033613
1.5013002600520107,10.761707412496705
1.5033006601320267,10.779738624260162
1.5053010602120427,10.797793845626499
1.5073014602920587,10.815873076595718
1.5093018603720747,10.833976317167817
1.5113022604520907,10.852103567342798
1.5133026605321067,10.870254827120657
1.5153030606121227,10.888430096501398
1.5173034606921387,10.906629375485021
1.5193038607721547,10.924852664071524
1.5213042608521707,10.94309996226091
1.5233046609321867,10.961371270053174
1.5253050610122028,10.979666587448317
1.5273054610922188,10.997985914446346
1.5293058611722348,11.016329251047253
1.5313062612522508,11.034696597251038
1.5333066613322668,11.053087953057709
1.5353070614122828,11.071503318467258
1.5373074614922988,11.089942693479689
1.5393078615723148,11.108406078094998
1.5413082616523308,11.126893472313188
1.5433086617323468,11.145404876134261
1.5453090618123628,11.163940289558216
1.5473094618923788,11.182499712585049
1.5493098619723948,11.201083145214763
1.5513102620524108,11.21969058744736
1.5533106621324269,11.238322039282835
1.5553110622124429,11.256977500721192
1.5573114622924589,11.27565697176243
1.5593118623724749,11.294360452406547
1.5613122624524909,11.313087942653548
1.563312662532507,11.331839442503426
1.565313062612523,11.350614951956189
1.567313462692539,11.36941447101183
1.569313862772555,11.388237999670352
1.571314262852571,11.407085537931755
1.573314662932587,11.425957085796039
1.575315063012603,11.444852643263204
1.577315463092619,11.46377221033325
1.579315863172635,11.482715787006175
1.581316263252651,11.501683373281981
1.583316663332667,11.52067496916067
1.585317063412683,11.539690574642238
1.587317463492699,11.558730189726688
1.589317863572715,11.577793814414017
1.591318263652731,11.596881448704227
1.593318663732747,11.61599309259732
1.595319063812763,11.635128746093292
1.597319463892779,11.654288409192144
1.599319863972795,11.673472081893879
1.6013202640528101,11.692679764198484
1.6033206641328261,11.71191145610598
1.6053210642128422,11.731167157616357
1.6073214642928582,11.750446868729613
1.6093218643728742,11.769750589445751
1.6113222644528902,11.78907831976477
1.6133226645329062,11.808430059686668
1.6153230646129222,11.827805809211448
1.6173234646929382,11.84720556833911
1.6193238647729542,11.86662933706965
1.6213242648529702,11.886077115403072
1.6233246649329862,11.905548903339376
1.6253250650130022,11.925044700878559
1.6273254650930182,11.944564508020624
1.6293258651730342,11.964108324765569
1.6313262652530502,11.983676151113396
1.6333266653330663,12.003267987064103
1.6353270654130823,12.02288383261769
1.6373274654930983,12.042523687774159
1.6393278655731143,12.062187552533508
1.6413282656531303,12.081875426895738
1.6433286657331463,12.101587310860848
1.6453290658131623,12.12132320442884
1.6473294658931783,12.141083107599712
1.6493298659731943,12.160867020373466
1.6513302660532103,12.1806749427501
1.6533306661332263,12.200506874729614
1.6553310662132423,12.22036281631201
1.6573314662932583,12.240242767497286
1.6593318663732743,12.260146728285441
1.6613322664532904,12.28007469867648
1.6633326665333064,12.300026678670397
1.6653330666133224,12.320002668267197
1.6673334666933384,12.340002667466877
1.6693338667733544,12.360026676269438
1.6713342668533704,12.38007469467488
1.6733346669333864,12.400146722683202
1.6753350670134024,12.420242760294405
1.6773354670934184,12.440362807508489
1.6793358671734344,12.460506864325453
1.6813362672534504,12.480674930745298
1.6833366673334664,12.500867006768024
1.6853370674134824,12.521083092393631
1.6873374674934984,12.541323187622119
1.6893378675735145,12.561587292453487
1.6913382676535305,12.581875406887736
1.6933386677335465,12.602187530924866
1.6953390678135625,12.622523664564877
1.6973394678935785,12.642883807807769
1.6993398679735945,12.66326796065354
1.7013402680536105,12.683676123102194
1.7033406681336265,12.704108295153727
1.7053410682136425,12.724564476808142
1.7073414682936585,12.745044668065438
1.7093418683736745,12.765548868925613
1.7113422684536905,12.78607707938867
1.7133426685337065,12.806629299454608
1.7153430686137225,12.827205529123425
1.7173434686937386,12.847805768395125
1.7193438687737546,12.868430017269706
1.7213442688537706,12.889078275747165
1.7233446689337866,12.909750543827508
1.7253450690138026,12.93044682151073
1.7273454690938186,12.951167108796833
1.7293458691738346,12.971911405685816
1.7313462692538506,12.992679712177681
1.7333466693338666,13.013472028272426
1.7353470694138826,13.034288353970052
1.7373474694938986,13.055128689270559
1.7393478695739146,13.075993034173946
1.7413482696539306,13.096881388680215
1.7433486697339466,13.117793752789364
1.7453490698139627,13.138730126501393
1.7473494698939787,13.159690509816304
1.7493498699739947,13.180674902734095
1.7513502700540107,13.201683305254768
1.7533506701340267,13.222715717378321
1.7553510702140427,13.243772139104754
1.7573514702940587,13.26485257043407
1.7593518703740747,13.285957011366264
1.7613522704540907,13.307085461901341
1.7633526705341067,13.328237922039298
1.7653530706141227,13.349414391780135
1.7673534706941387,13.370614871123854
1.7693538707741547,13.391839360070453
1.7713542708541707,13.413087858619933
1.7733546709341867,13.434360366772294
1.7753550710142028,13.455656884527535
1.7773554710942188,13.476977411885658
1.7793558711742348,13.49832194884666
1.7813562712542508,13.519690495410543
1.7833566713342668,13.541083051577308
1.7853570714142828,13.562499617346953
1.7873574714942988,13.58394019271948
1.7893578715743148,13.605404777694886
1.7913582716543308,13.626893372273173
1.7933586717343468,13.648405976454342
1.7953590718143628,13.66994259023839
1.7973594718943788,13.691503213625321
1.7993598719743948,13.713087846615132
1.8013602720544108,13.734696489207824
1.8033606721344269,13.756329141403395
1.8053610722144429,13.77798580320185
1.8073614722944589,13.799666474603182
1.8093618723744749,13.821371155607396
1.8113622724544909,13.843099846214491
1.813362672534507,13.864852546424467
1.815363072614523,13.886629256237324
1.817363472694539,13.908429975653062
1.819363872774555,13.93025470467168
1.821364272854571,13.95210344329318
1.823364672934587,13.97397619151756
1.825365073014603,13.99587294934482
1.827365473094619,14.017793716774962
1.829365873174635,14.039738493807985
1.831366273254651,14.061707280443887
1.833366673334667,14.083700076682671
1.835367073414683,14.105716882524336
1.837367473494699,14.12775769796888
1.839367873574715,14.149822523016306
1.841368273654731,14.171911357666612
1.843368673734747,14.1940242019198
1.845369073814763,14.216161055775869
1.847369473894779,14.238321919234817
1.849369873974795,14.260506792296647
1.851370274054811,14.282715674961358
1.853370674134827,14.30494856722895
1.855371074214843,14.327205469099422
1.857371474294859,14.349486380572774
1.859371874374875,14.371791301649008
1.861372274454891,14.394120232328122
1.863372674534907,14.416473172610118
1.865373074614923,14.438850122494994
1.867373474694939,14.46125108198275
1.869373874774955,14.483676051073388
1.871374274854971,14.506125029766906
1.873374674934987,14.528598018063306
1.8753750750150031,14.551095015962586
1.8773754750950191,14.573616023464746
1.8793758751750351,14.596161040569788
1.8813762752550511,14.61873006727771
1.8833766753350671,14.641323103588512
1.8853770754150831,14.663940149502196
1.8873774754950992,14.686581205018761
1.8893778755751152,14.709246270138205
1.8913782756551312,14.731935344860531
1.8933786757351472,14.754648429185739
1.8953790758151632,14.777385523113827
1.8973794758951792,14.800146626644795
1.8993798759751952,14.822931739778644
1.9013802760552112,14.845740862515374
1.9033806761352272,14.868573994854984
1.9053810762152432,14.891431136797475
1.9073814762952592,14.914312288342847
1.9093818763752752,14.9372174494911
1.9113822764552912,14.960146620242234
1.9133826765353072,14.983099800596248
1.9153830766153233,15.006076990553144
1.9173834766953393,15.02907819011292
1.9193838767753553,15.052103399275577
1.9213842768553713,15.075152618041114
1.9233846769353873,15.098225846409532
1.9253850770154033,15.121323084380832
1.9273854770954193,15.144444331955011
1.9293858771754353,15.167589589132072
1.9313862772554513,15.190758855912014
1.9333866773354673,15.213952132294835
1.9353870774154833,15.237169418280539
1.9373874774954993,15.260410713869122
1.9393878775755153,15.283676019060586
1.9413882776555313,15.306965333854931
1.9433886777355474,15.330278658252157
1.9453890778155634,15.353615992252264
1.9473894778955794,15.376977335855251
1.9493898779755954,15.40036268906112
1.9513902780556114,15.42377205186987
1.9533906781356274,15.4472054242815
1.9553910782156434,15.470662806296009
1.9573914782956594,15.4941441979134
1.9593918783756754,15.517649599133673
1.9613922784556914,15.541179009956826
1.9633926785357074,15.56473243038286
1.9653930786157234,15.588309860411774
1.9673934786957394,15.61191130004357
1.9693938787757554,15.635536749278245
1.9713942788557715,15.659186208115802
1.9733946789357875,15.68285967655624
1.9753950790158035,15.706557154599558
1.9773954790958195,15.730278642245755
1.9793958791758355,15.754024139494836
1.9813962792558515,15.777793646346797
1.9833966793358675,15.801587162801638
1.9853970794158835,15.82540468885936
1.9873974794958995,15.849246224519963
1.9893978795759155,15.873111769783447
1.9913982796559315,15.89700132464981
1.9933986797359475,15.920914889119056
1.9953990798159635,15.944852463191182
1.9973994798959795,15.96881404686619
1.9993998799759956,15.992799640144076
2.0014002800560116,16.016809243024845
2.0034006801360276,16.040842855508494
2.0054010802160436,16.064900477595025
2.0074014802960596,16.088982109284434
2.0094018803760756,16.113087750576724
2.0114022804560916,16.137217401471897
2.0134026805361076,16.16137106196995
2.0154030806161236,16.185548732070885
2.0174034806961396,16.2097504117747
2.0194038807761556,16.233976101081396
2.0214042808561716,16.258225799990967
2.0234046809361876,16.282499508503427
2.0254050810162036,16.306797226618762
2.0274054810962197,16.33111895433698
2.0294058811762357,16.35546469165808
2.0314062812562517,16.37983443858206
2.0334066813362677,16.40422819510892
2.0354070814162837,16.42864596123866
2.0374074814962997,16.453087736971284
2.0394078815763157,16.477553522306785
2.0414082816563317,16.50204331724517
2.0434086817363477,16.526557121786436
2.0454090818163637,16.55109493593058
2.0474094818963797,16.575656759677607
2.0494098819763957,16.600242593027513
2.0514102820564117,16.6248524359803
2.0534106821364277,16.649486288535968
2.0554110822164438,16.674144150694516
2.057411482296459,16.698826022455936
2.059411882376475,16.723531903820245
2.061412282456491,16.74826179478744
2.063412682536507,16.773015695357508
2.065413082616523,16.797793605530465
2.067413482696539,16.822595525306298
2.069413882776555,16.847421454685012
2.071414282856571,16.872271393666608
2.073414682936587,16.897145342251083
2.075415083016603,16.92204330043844
2.077415483096619,16.946965268228674
2.079415883176635,16.971911245621794
2.081416283256651,16.996881232617795
2.083416683336667,17.021875229216676
2.085417083416683,17.046893235418434
2.087417483496699,17.071935251223074
2.089417883576715,17.097001276630596
2.091418283656731,17.122091311641
2.093418683736747,17.147205356254283
2.095419083816763,17.172343410470447
2.097419483896779,17.197505474289493
2.099419883976795,17.22269154771142
2.101420284056811,17.247901630736223
2.103420684136827,17.273135723363914
2.105421084216843,17.29839382559448
2.107421484296859,17.32367593742793
2.109421884376875,17.34898205886426
2.111422284456891,17.37431218990347
2.113422684536907,17.39966633054556
2.115423084616923,17.425044480790532
2.117423484696939,17.450446640638386
2.119423884776955,17.475872810089122
2.121424284856971,17.501322989142736
2.123424684936987,17.52679717779923
2.125425085017003,17.552295376058606
2.127425485097019,17.57781758392086
2.129425885177035,17.603363801386
2.131426285257051,17.62893402845402
2.133426685337067,17.654528265124917
2.135427085417083,17.680146511398696
2.137427485497099,17.705788767275358
2.139427885577115,17.731455032754898
2.141428285657131,17.75714530783732
2.143428685737147,17.78285959252262
2.145429085817163,17.808597886810805
2.147429485897179,17.834360190701872
2.149429885977195,17.860146504195814
2.151430286057211,17.88595682729264
2.153430686137227,17.911791159992347
2.155431086217243,17.937649502294935
2.1574314862972592,17.963531854200404
2.1594318863772752,17.989438215708752
2.1614322864572912,18.01536858681998
2.1634326865373072,18.041322967534093
2.1654330866173233,18.067301357851083
2.1674334866973393,18.093303757770954
2.1694338867773553,18.119330167293707
2.1714342868573713,18.145380586419343
2.1734346869373873,18.171455015147856
2.1754350870174033,18.19755345347925
2.1774354870974193,18.22367590141353
2.1794358871774353,18.249822358950684
2.1814362872574513,18.27599282609072
2.1834366873374673,18.302187302833637
2.1854370874174833,18.32840578917944
2.1874374874974993,18.354648285128118
2.1894378875775153,18.38091479067968
2.1914382876575313,18.40720530583412
2.1934386877375474,18.433519830591443
2.1954390878175634,18.459858364951643
2.1974394878975794,18.486220908914728
2.1994398879775954,18.51260746248069
2.2014402880576114,18.539018025649536
2.2034406881376274,18.565452598421263
2.2054410882176434,18.59191118079587
2.2074414882976594,18.61839377277336
2.2094418883776754,18.644900374353725
2.2114422884576914,18.671430985536972
2.2134426885377074,18.6979856063231
2.2154430886177234,18.724564236712112
2.2174434886977394,18.751166876704005
2.2194438887777554,18.77779352629878
2.2214442888577715,18.80444418549643
2.2234446889377875,18.831118854296964
2.2254450890178035,18.857817532700377
2.2274454890978195,18.884540220706672
2.2294458891778355,18.91128691831585
2.2314462892578515,18.938057625527904
2.2334466893378675,18.964852342342844
2.2354470894178835,18.99167106876066
2.2374474894978995,19.01851380478136
2.2394478895779155,19.04538055040494
2.2414482896579315,19.0722713056314
2.2434486897379475,19.09918607046074
2.2454490898179635,19.126124844892963
2.2474494898979795,19.153087628928066
2.2494498899779956,19.18007442256605
2.2514502900580116,19.207085225806914
2.2534506901380276,19.23412003865066
2.2554510902180436,19.261178861097285
2.2574514902980596,19.28826169314679
2.2594518903780756,19.315368534799177
2.2614522904580916,19.342499386054445
2.2634526905381076,19.369654246912596
2.2654530906181236,19.396833117373625
2.2674534906981396,19.424035997437535
2.2694538907781556,19.451262887104328
2.2714542908581716,19.478513786374
2.2734546909381876,19.50578869524655
2.2754550910182036,19.53308761372198
2.2774554910982197,19.560410541800298
2.2794558911782357,19.587757479481496
2.2814562912582517,19.61512842676557
2.2834566913382677,19.642523383652524
2.2854570914182837,19.669942350142364
2.2874574914982997,19.697385326235082
2.2894578915783157,19.724852311930682
2.2914582916583317,19.75234330722916
2.2934586917383477,19.77985831213052
2.2954590918183637,19.807397326634764
2.2974594918983797,19.834960350741884
2.2994598919783957,19.862547384451887
2.3014602920584117,19.890158427764767
2.3034606921384277,19.917793480680533
2.3054610922184438,19.94545254319918
2.3074614922984598,19.973135615320704
2.3094618923784758,20.000842697045112
2.3114622924584918,20.028573788372398
2.313462692538508,20.056328889302566
2.315463092618524,20.084107999835616
2.31746349269854,20.111911119971545
2.319463892778556,20.139738249710355
2.321464292858572,20.167589389052047
2.323464692938588,20.195464537996617
2.325465093018604,20.22336369654407
2.32746549309862,20.251286864694404
2.329465893178636,20.27923404244762
2.331466293258652,20.307205229803714
2.333466693338668,20.33520042676269
2.335467093418684,20.363219633324547
2.3374674934987,20.391262849489284
2.339467893578716,20.4193300752569
2.341468293658732,20.4474213106274
2.343468693738748,20.47553655560078
2.345469093818764,20.50367581017704
2.34746949389878,20.53183907435618
2.349469893978796,20.560026348138205
2.351470294058812,20.588237631523107
2.353470694138828,20.61647292451089
2.355471094218844,20.644732227101553
2.35747149429886,20.6730155392951
2.359471894378876,20.701322861091526
2.361472294458892,20.72965419249083
2.363472694538908,20.75800953349302
2.365473094618924,20.786388884098088
2.36747349469894,20.814792244306034
2.369473894778956,20.843219614116865
2.371474294858972,20.871670993530575
2.373474694938988,20.900146382547167
2.375475095019004,20.928645781166637
2.37747549509902,20.957169189388992
2.379475895179036,20.985716607214226
2.381476295259052,21.014288034642338
2.383476695339068,21.042883471673335
2.385477095419084,21.07150291830721
2.3874774954991,21.100146374543964
2.389477895579116,21.128813840383604
2.391478295659132,21.15750531582612
2.393478695739148,21.18622080087152
2.395479095819164,21.2149602955198
2.39747949589918,21.24372379977096
2.399479895979196,21.272511313625
2.401480296059212,21.301322837081923
2.403480696139228,21.330158370141724
2.405481096219244,21.359017912804408
2.40748149629926,21.387901465069973
2.409481896379276,21.416809026938417
2.411482296459292,21.445740598409746
2.413482696539308,21.47469617948395
2.415483096619324,21.50367577016104
2.41748349669934,21.532679370441006
2.419483896779356,21.561706980323855
2.421484296859372,21.590758599809583
2.423484696939388,21.619834228898196
2.425485097019404,21.648933867589687
2.42748549709942,21.678057515884056
2.429485897179436,21.70720517378131
2.431486297259452,21.736376841281444
2.433486697339468,21.765572518384456
2.435487097419484,21.794792205090353
2.4374874974995,21.824035901399128
2.4394878975795162,21.853303607310785
2.4414882976595322,21.88259532282532
2.4434886977395482,21.91191104794274
2.4454890978195643,21.94125078266304
2.4474894978995803,21.970614526986218
2.4494898979795963,22.00000228091228
2.4514902980596123,22.02941404444122
2.4534906981396283,22.05884981757304
2.4554910982196443,22.088309600307745
2.4574914982996603,22.11779339264533
2.4594918983796763,22.147301194585793
2.4614922984596923,22.176833006129137
2.4634926985397083,22.20638882727536
2.4654930986197243,22.23596865802447
2.4674934986997403,22.265572498376457
2.4694938987797563,22.295200348331324
2.4714942988597723,22.324852207889073
2.4734946989397883,22.354528077049704
2.4754950990198044,22.384227955813213
2.4774954990998204,22.413951844179604
2.4794958991798364,22.443699742148876
2.4814962992598524,22.473471649721027
2.4834966993398684,22.503267566896064
2.4854970994198844,22.533087493673975
2.4874974994999004,22.56293143005477
2.4894978995799164,22.592799376038446
2.4914982996599324,22.622691331625003
2.4934986997399484,22.65260729681444
2.4954990998199644,22.682547271606758
2.4974994998999804,22.712511256001957
2.4994998999799964,22.742499250000037
2.5015003000600124,22.772511253600996
2.5035007001400285,22.802547266804837
2.5055011002200445,22.83260728961156
2.5075015003000605,22.862691322021163
2.5095019003800765,22.892799364033646
2.5115023004600916,22.922931415648996
2.5135027005401076,22.953087476867243
2.5155031006201236,22.983267547688367
2.5175035007001396,23.013471628112374
2.5195039007801556,23.043699718139262
2.5215043008601716,23.07395181776903
2.5235047009401876,23.104227927001677
2.5255051010202036,23.134528045837207
2.5275055011002197,23.164852174275616
2.5295059011802357,23.19520031231691
2.5315063012602517,23.22557245996108
2.5335067013402677,23.255968617208133
2.5355071014202837,23.286388784058065
2.5375075015002997,23.31683296051088
2.5395079015803157,23.347301146566576
2.5415083016603317,23.37779334222515
2.5435087017403477,23.408309547486606
2.5455091018203637,23.438849762350944
2.5475095019003797,23.46941398681816
2.5495099019803957,23.500002220888263
2.5515103020604117,23.53061446456124
2.5535107021404277,23.5612507178371
2.5555111022204438,23.59191098071584
2.5575115023004598,23.622595253197463
2.5595119023804758,23.653303535281967
2.5615123024604918,23.68403582696935
2.563512702540508,23.714792128259614
2.565513102620524,23.74557243915276
2.56751350270054,23.776376759648784
2.569513902780556,23.80720508974769
2.571514302860572,23.838057429449478
2.573514702940588,23.868933778754148
2.575515103020604,23.899834137661696
2.57751550310062,23.930758506172126
2.579515903180636,23.961706884285434
2.581516303260652,23.992679272001624
2.583516703340668,24.023675669320696
2.585517103420684,24.05469607624265
2.5875175035007,24.08574049276748
2.589517903580716,24.1168089188952
2.591518303660732,24.14790135462579
2.593518703740748,24.17901779995927
2.595519103820764,24.210158254895624
2.59751950390078,24.241322719434862
2.599519903980796,24.272511193576978
2.601520304060812,24.30372367732198
2.603520704140828,24.334960170669856
2.605521104220844,24.366220673620617
2.60752150430086,24.397505186174257
2.609521904380876,24.42881370833078
2.611522304460892,24.460146240090182
2.613522704540908,24.491502781452468
2.615523104620924,24.52288333241763
2.61752350470094,24.554287892985677
2.619523904780956,24.5857164631566
2.621524304860972,24.617169042930406
2.623524704940988,24.648645632307094
2.625525105021004,24.680146231286663
2.62752550510102,24.71167083986911
2.629525905181036,24.74321945805444
2.631526305261052,24.774792085842652
2.633526705341068,24.80638872323374
2.635527105421084,24.838009370227713
2.6375275055011,24.869654026824566
2.639527905581116,24.901322693024298
2.641528305661132,24.933015368826915
2.643528705741148,24.964732054232407
2.645529105821164,24.996472749240784
2.64752950590118,25.02823745385204
2.649529905981196,25.060026168066177
2.651530306061212,25.091838891883196
2.653530706141228,25.123675625303093
2.655531106221244,25.155536368325873
2.65753150630126,25.187421120951534
2.659531906381276,25.219329883180073
2.661532306461292,25.251262655011498
2.663532706541308,25.283219436445798
2.665533106621324,25.315200227482983
2.66753350670134,25.34720502812305
2.669533906781356,25.379233838365987
2.671534306861372,25.411286658211818
2.673534706941388,25.44336348766052
2.675535107021404,25.475464326712114
2.67753550710142,25.507589175366576
2.679535907181436,25.53973803362393
2.681536307261452,25.571910901484152
2.683536707341468,25.60410777894727
2.685537107421484,25.636328666013256
2.6875375075015002,25.66857356268213
2.6895379075815162,25.70084246895388
2.6915383076615322,25.73313538482852
2.6935387077415482,25.765452310306028
2.6955391078215643,25.797793245386426
2.6975395079015803,25.830158190069696
2.6995399079815963,25.862547144355858
2.7015403080616123,25.89496010824489
2.7035407081416283,25.927397081736814
2.7055411082216443,25.959858064831607
2.7075415083016603,25.99234305752929
2.7095419083816763,26.024852059829847
2.7115423084616923,26.057385071733293
2.7135427085417083,26.08994209323961
2.7155431086217243,26.122523124348817
2.7175435087017403,26.155128165060894
2.7195439087817563,26.187757215375864
2.7215443088617723,26.220410275293705
2.7235447089417884,26.253087344814436
2.7255451090218044,26.285788423938037
2.7275455091018204,26.318513512664527
2.7295459091818364,26.351262610993892
2.7315463092618524,26.384035718926143
2.7335467093418684,26.416832836461268
2.7355471094218844,26.449653963599285
2.7375475095019004,26.48249910034017
2.7395479095819164,26.515368246683945
2.7415483096619324,26.548261402630594
2.7435487097419484,26.581178568180132
2.7455491098219644,26.61411974333254
2.7475495099019804,26.647084928087843
2.7495499099819964,26.680074122446012
2.7515503100620124,26.713087326407074
2.7535507101420285,26.746124539971007
2.7555511102220445,26.77918576313783
2.7575515103020605,26.81227099590752
2.7595519103820765,26.845380238280107
2.7615523104620925,26.87851349025556
2.7635527105421085,26.911670751833906
2.7655531106221245,26.944852023015123
2.7675535107021405,26.978057303799233
2.7695539107821565,27.01128659418621
2.7715543108621725,27.04453989417608
2.7735547109421885,27.07781720376882
2.7755551110222045,27.11111852296445
2.7775555111022205,27.14444385176295
2.7795559111822365,27.17779319016434
2.7815563112622526,27.211166538168605
2.7835567113422686,27.24456389577576
2.7855571114222846,27.277985262985784
2.7875575115023006,27.311430639798697
2.7895579115823166,27.344900026214486
2.7915583116623326,27.37839342223316
2.7935587117423486,27.411910827854708
2.7955591118223646,27.445452243079146
2.7975595119023806,27.479017667906454
2.7995599119823966,27.512607102336656
2.8015603120624126,27.546220546369725
2.8035607121424286,27.579858000005686
2.8055611122224446,27.61351946324452
2.8075615123024606,27.647204936086244
2.8095619123824767,27.680914418530836
2.8115623124624927,27.71464791057832
2.8135627125425087,27.748405412228674
2.8155631126225247,27.78218692348192
2.8175635127025407,27.815992444338036
2.8195639127825567,27.849821974797045
2.8215643128625727,27.883675514858922
2.8235647129425887,27.91755306452369
2.8255651130226047,27.95145462379133
2.8275655131026207,27.985380192661864
2.8295659131826367,28.019329771135265
2.8315663132626527,28.053303359211558
2.8335667133426687,28.08730095689072
2.8355671134226847,28.12132256417277
2.8375675135027008,28.155368181057696
2.8395679135827168,28.189437807545513
2.8415683136627328,28.223531443636197
2.8435687137427488,28.257649089329774
2.845569113822765,28.291790744626223
2.847569513902781,28.32595640952556
2.849569913982797,28.360146084027768
2.851570314062813,28.39435976813287
2.853570714142829,28.42859746184084
2.855571114222845,28.462859165151702
2.857571514302861,28.497144878065434
2.859571914382877,28.531454600582055
2.861572314462893,28.565788332701548
2.863572714542909,28.600146074423932
2.865573114622925,28.63452782574919
2.867573514702941,28.668933586677333
2.869573914782957,28.70336335720835
2.871574314862973,28.737817137342258
2.873574714942989,28.772294927079038
2.875575115023005,28.806796726418707
2.877575515103021,28.841322535361247
2.879575915183037,28.875872353906676
2.881576315263053,28.910446182054976
2.883576715343069,28.94504401980617
2.885577115423085,28.979665867160232
2.887577515503101,29.014311724117185
2.889577915583117,29.04898159067701
2.891578315663133,29.083675466839725
2.893578715743149,29.11839335260531
2.895579115823165,29.153135247973786
2.897579515903181,29.187901152945134
2.899579915983197,29.222691067519374
2.901580316063213,29.257504991696482
2.903580716143229,29.292342925476483
2.905581116223245,29.32720486885935
2.907581516303261,29.362090821845115
2.909581916383277,29.397000784433747
2.911582316463293,29.431934756625267
2.913582716543309,29.466892738419663
2.915583116623325,29.501874729816947
2.917583516703341,29.536880730817103
2.919583916783357,29.571910741420147
2.921584316863373,29.606964761626063
2.923584716943389,29.64204279143487
2.925585117023405,29.67714483084655
2.927585517103421,29.71227087986112
2.929585917183437,29.74742093847856
2.931586317263453,29.782595006698887
2.933586717343469,29.81779308452209
2.935587117423485,29.853015171948183
2.937587517503501,29.888261268977146
2.939587917583517,29.923531375609
2.941588317663533,29.958825491843722
2.943588717743549,29.99414361768134
2.945589117823565,30.029485753121822
2.947589517903581,30.0648518981652
2.949589917983597,30.10024205281145
2.951590318063613,30.135656217060586
2.953590718143629,30.171094390912593
2.955591118223645,30.206556574367493
2.957591518303661,30.242042767425264
2.959591918383677,30.277552970085924
2.961592318463693,30.31308718234946
2.963592718543709,30.34864540421588
2.965593118623725,30.384227635685175
2.9675935187037403,30.41983387675734
2.9695939187837563,30.4554641274324
2.9715943188637723,30.49111838771034
2.9735947189437884,30.526796657591163
2.9755951190238044,30.562498937074864
2.9775955191038204,30.59822522616145
2.9795959191838364,30.63397552485091
2.9815963192638524,30.669749833143257
2.9835967193438684,30.70554815103848
2.9855971194238844,30.741370478536588
2.9875975195039004,30.777216815637576
2.9895979195839164,30.813087162341443
2.9915983196639324,30.84898151864819
2.9935987197439484,30.88489988455782
2.9955991198239644,30.92084226007033
2.9975995199039804,30.95680864518572
2.9995999199839964,30.992799039903993
3.0016003200640125,31.028813444225147
3.0036007201440285,31.06485185814918
3.0056011202240445,31.100914281676094
3.0076015203040605,31.137000714805886
3.0096019203840765,31.173111157538564
3.0116023204640925,31.20924560987412
3.0136027205441085,31.245404071812555
3.0156031206241245,31.281586543353875
3.0176035207041405,31.317793024498073
3.0196039207841565,31.354023515245153
3.0216043208641725,31.39027801559511
3.0236047209441885,31.42655652554795
3.0256051210242045,31.462859045103674
3.0276055211042205,31.499185574262277
3.0296059211842365,31.53553611302376
3.0316063212642526,31.571910661388124
3.0336067213442686,31.60830921935537
3.0356071214242846,31.644731786925494
3.0376075215043006,31.6811783640985
3.0396079215843166,31.717648950874388
3.0416083216643326,31.754143547253154
3.0436087217443486,31.790662153234802
3.0456091218243646,31.827204768819332
3.0476095219043806,31.863771394006744
3.0496099219843966,31.900362028797034
3.0516103220644126,31.936976673190205
3.0536107221444286,31.973615327186256
3.0556111222244446,32.01027799078519
3.0576115223044606,32.046964663987005
3.0596119223844767,32.08367534679169
3.0616123224644927,32.12041003919927
3.0636127225445087,32.15716874120973
3.0656131226245247,32.19395145282307
3.0676135227045407,32.23075817403928
3.0696139227845567,32.267588904858385
3.0716143228645727,32.30444364528036
3.0736147229445887,32.34132239530523
3.0756151230246047,32.37822515493296
3.0776155231046207,32.41515192416358
3.0796159231846367,32.45210270299709
3.0816163232646527,32.48907749143347
3.0836167233446687,32.52607628947273
3.0856171234246847,32.56309909711488
3.0876175235047008,32.6001459143599
3.0896179235847168,32.63721674120781
3.0916183236647328,32.6743115776586
3.0936187237447488,32.711430423712265
3.095619123824765,32.74857327936881
3.097619523904781,32.78574014462824
3.099619923984797,32.822931019490554
3.101620324064813,32.86014590395574
3.103620724144829,32.897384798023815
3.105621124224845,32.93464770169477
3.107621524304861,32.9719346149686
3.109621924384877,33.00924553784532
3.111622324464893,33.04658047032491
3.113622724544909,33.08393941240739
3.115623124624925,33.12132236409274
3.117623524704941,33.158729325380975
3.119623924784957,33.1961602962721
3.121624324864973,33.233615276766095
3.123624724944989,33.271094266862974
3.125625125025005,33.30859726656273
3.127625525105021,33.34612427586538
3.129625925185037,33.383675294770896
3.131626325265053,33.421250323279295
3.133626725345069,33.45884936139058
3.135627125425085,33.49647240910474
3.137627525505101,33.534119466421785
3.139627925585117,33.57179053334171
3.141628325665133,33.60948560986452
3.143628725745149,33.64720469599021
3.145629125825165,33.68494779171877
3.147629525905181,33.722714897050224
3.149629925985197,33.76050601198455
3.151630326065213,33.798321136521764
3.153630726145229,33.83616027066185
3.155631126225245,33.874023414404824
3.157631526305261,33.91191056775068
3.159631926385277,33.94982173069941
3.161632326465293,33.987756903251025
3.163632726545309,34.02571608540552
3.165633126625325,34.0636992771629
3.167633526705341,34.10170647852315
3.169633926785357,34.13973768948628
3.171634326865373,34.177792910052304
3.173634726945389,34.2158721402212
3.175635127025405,34.25397537999298
3.177635527105421,34.29210262936764
3.179635927185437,34.33025388834518
3.181636327265453,34.3684291569256
3.183636727345469,34.40662843510891
3.185637127425485,34.44485172289509
3.187637527505501,34.48309902028416
3.189637927585517,34.5213703272761
3.191638327665533,34.55966564387092
3.193638727745549,34.59798497006863
3.195639127825565,34.63632830586921
3.197639527905581,34.674695651272685
3.199639927985597,34.71308700627903
3.201640328065613,34.75150237088826
3.203640728145629,34.78994174510037
3.205641128225645,34.828405128915364
3.207641528305661,34.86689252233323
3.209641928385677,34.90540392535399
3.211642328465693,34.94393933797762
3.213642728545709,34.98249876020414
3.215643128625725,35.02108219203353
3.217643528705741,35.0596896334658
3.2196439287857572,35.09832108450096
3.2216443288657732,35.13697654513899
3.2236447289457892,35.175656015379914
3.2256451290258052,35.21435949522371
3.2276455291058213,35.25308698467039
3.2296459291858373,35.29183848371995
3.2316463292658533,35.33061399237239
3.2336467293458693,35.36941351062771
3.2356471294258853,35.408237038485915
3.2376475295059013,35.447084575947
3.2396479295859173,35.485956123010965
3.2416483296659333,35.52485167967781
3.2436487297459493,35.563771245947535
3.2456491298259653,35.602714821820136
3.2476495299059813,35.641682407295626
3.2496499299859973,35.68067400237399
3.2516503300660133,35.719689607055244
3.2536507301460293,35.758729221339365
3.2556511302260454,35.79779284522638
3.2576515303060614,35.83688047871627
3.2596519303860774,35.87599212180904
3.2616523304660934,35.9151277745047
3.2636527305461094,35.95428743680323
3.2656531306261254,35.99347110870464
3.2676535307061414,36.032678790208934
3.2696539307861574,36.07191048131611
3.2716543308661734,36.11116618202617
3.2736547309461894,36.15044589233911
3.2756551310262054,36.18974961225492
3.2776555311062214,36.22907734177362
3.2796559311862374,36.268429080895196
3.2816563312662534,36.307804829619656
3.2836567313462695,36.347204587947
3.2856571314262855,36.38662835587722
3.2876575315063015,36.42607613341032
3.2896579315863175,36.46554792054631
3.2916583316663335,36.50504371728517
3.2936587317463495,36.54456352362691
3.2956591318263655,36.58410733957154
3.2976595319063815,36.623675165119046
3.2996599319863975,36.663267000269435
3.3016603320664135,36.7028828450227
3.3036607321464295,36.742522699378846
3.3056611322264455,36.78218656333788
3.3076615323064615,36.82187443689979
3.3096619323864775,36.861586320064575
3.3116623324664936,36.90132221283225
3.3136627325465096,36.9410821152028
3.3156631326265256,36.98086602717623
3.3176635327065416,37.020673948752545
3.3196639327865576,37.060505879931746
3.3216643328665736,37.100361820713815
3.3236647329465896,37.14024177109877
3.3256651330266056,37.18014573108661
3.3276655331066216,37.220073700677325
3.3296659331866376,37.26002567987093
3.3316663332666536,37.300001668667406
3.3336667333466696,37.340001667066765
3.3356671334266856,37.38002567506901
3.3376675335067016,37.42007369267413
3.3396679335867177,37.46014571988213
3.3416683336667337,37.500241756693015
3.3436687337467497,37.54036180310678
3.3456691338267657,37.58050585912342
3.3476695339067817,37.620673924742945
3.3496699339867977,37.66086599996535
3.3516703340668137,37.70108208479064
3.3536707341468297,37.741322179218805
3.3556711342268457,37.78158628324986
3.3576715343068617,37.821874396883786
3.3596719343868777,37.862186520120595
3.3616723344668937,37.902522652960286
3.3636727345469097,37.94288279540286
3.3656731346269257,37.98326694744831
3.3676735347069418,38.023675109096644
3.3696739347869578,38.064107280347855
3.3716743348669738,38.10456346120195
3.3736747349469898,38.14504365165892
3.375675135027006,38.18554785171878
3.377675535107022,38.22607606138152
3.379675935187038,38.26662828064713
3.381676335267054,38.307204509515635
3.38367673534707,38.34780474798701
3.385677135427086,38.38842899606127
3.387677535507102,38.42907725373841
3.389677935587118,38.469749521018436
3.391678335667134,38.51044579790134
3.39367873574715,38.55116608438712
3.395679135827166,38.59191038047578
3.397679535907182,38.63267868616733
3.399679935987198,38.673471001461756
3.401680336067214,38.714287326359056
3.40368073614723,38.755127660859245
3.405681136227246,38.795992004962315
3.407681536307262,38.83688035866826
3.409681936387278,38.877792721977094
3.411682336467294,38.9187290948888
3.41368273654731,38.959689477403394
3.415683136627326,39.00067386952086
3.417683536707342,39.041682271241214
3.419683936787358,39.08271468256445
3.421684336867374,39.12377110349056
3.42368473694739,39.164851534019554
3.425685137027406,39.20595597415143
3.427685537107422,39.247084423886186
3.429685937187438,39.288236883223824
3.431686337267454,39.329413352164345
3.43368673734747,39.37061383070774
3.435687137427486,39.41183831885402
3.437687537507502,39.45308681660318
3.439687937587518,39.49435932395522
3.441688337667534,39.53565584091014
3.44368873774755,39.57697636746794
3.445689137827566,39.61832090362863
3.447689537907582,39.65968944939219
3.449689937987598,39.70108200475863
3.451690338067614,39.74249856972796
3.45369073814763,39.78393914430016
3.455691138227646,39.82540372847525
3.457691538307662,39.86689232225322
3.459691938387678,39.908404925634066
3.461692338467694,39.9499415386178
3.46369273854771,39.99150216120441
3.465693138627726,40.0330867933939
3.467693538707742,40.07469543518627
3.469693938787758,40.11632808658152
3.471694338867774,40.157984747579654
3.47369473894779,40.199665418180665
3.475695139027806,40.241370098384564
3.477695539107822,40.28309878819134
3.479695939187838,40.324851487600995
3.481696339267854,40.36662819661353
3.48369673934787,40.408428915228946
3.485697139427886,40.45025364344725
3.487697539507902,40.492102381268424
3.489697939587918,40.53397512869248
3.491698339667934,40.57587188571942
3.49369873974795,40.617792652349245
3.495699139827966,40.65973742858195
3.497699539907982,40.701706214417534
3.499699939987998,40.743699009855995
3.5017003400680142,40.78571581489734
3.5037007401480302,40.82775662954157
3.5057011402280462,40.869821453788674
3.5077015403080622,40.911910287638655
3.5097019403880783,40.954023131091525
3.5117023404680943,40.996159984147276
3.5137027405481103,41.0383208468059
3.5157031406281263,41.08050571906741
3.5177035407081423,41.1227146009318
3.5197039407881583,41.16494749239907
3.5217043408681743,41.207204393469226
3.5237047409481903,41.24948530414226
3.5257051410282063,41.29179022441817
3.5277055411082223,41.334119154296964
3.5297059411882383,41.376472093778645
3.5317063412682543,41.4188490428632
3.5337067413482703,41.46125000155063
3.5357071414282863,41.50367496984095
3.5377075415083024,41.54612394773415
3.5397079415883184,41.58859693523023
3.5417083416683344,41.631093932329186
3.5437087417483504,41.67361493903103
3.5457091418283664,41.716159955335755
3.5477095419083824,41.75872898124335
3.5497099419883984,41.801322016753836
3.5517103420684144,41.8439390618672
3.5537107421484304,41.886580116583445
3.5557111422284464,41.92924518090257
3.5577115423084624,41.971934254824575
3.5597119423884784,42.01464733834946
3.5617123424684944,42.05738443147723
3.5637127425485104,42.100145534207876
3.5657131426285265,42.14293064654141
3.5677135427085425,42.185739768477816
3.5697139427885585,42.228572900017106
3.5717143428685745,42.27143004115928
3.5737147429485905,42.31431119190433
3.5757151430286065,42.357216352252266
3.5777155431086225,42.400145522203076
3.5797159431886385,42.443098701756774
3.5817163432686545,42.48607589091335
3.5837167433486705,42.5290770896728
3.5857171434286865,42.57210229803514
3.5877175435087025,42.61515151600036
3.5897179435887185,42.658224743568454
3.5917183436687345,42.701321980739436
3.5937187437487506,42.744443227513294
3.5957191438287666,42.78758848389003
3.5977195439087826,42.830757749869655
3.5997199439887986,42.87395102545216
3.6017203440688146,42.91716831063754
3.6037207441488306,42.9604096054258
3.6057211442288466,43.00367490981695
3.6077215443088626,43.046964223810974
3.6097219443888786,43.09027754740788
3.6117223444688946,43.13361488060767
3.6137227445489106,43.176976223410335
3.6157231446289266,43.22036157581588
3.6177235447089426,43.26377093782431
3.6197239447889586,43.30720430943562
3.6217243448689747,43.35066169064981
3.6237247449489907,43.39414308146688
3.6257251450290067,43.43764848188683
3.6277255451090227,43.48117789190967
3.6297259451890387,43.52473131153538
3.6317263452690547,43.568308740763975
3.6337267453490707,43.61191017959545
3.6357271454290867,43.6555356280298
3.6377275455091027,43.69918508606704
3.6397279455891187,43.74285855370716
3.6417283456691347,43.78655603095016
3.6437287457491507,43.830277517796034
3.6457291458291667,43.8740230142448
3.6477295459091827,43.91779252029644
3.649729945989197,43.96158603595092
3.651730346069213,44.005403561208325
3.653730746149229,44.0492450960686
3.655731146229245,44.09311064053177
3.657731546309261,44.13700019459781
3.659731946389277,44.18091375826674
3.661732346469293,44.224851331538545
3.663732746549309,44.26881291441323
3.665733146629325,44.3127985068908
3.667733546709341,44.356808108971244
3.669733946789357,44.400841720654576
3.671734346869373,44.44489934194078
3.673734746949389,44.48898097282988
3.675735147029405,44.53308661332185
3.677735547109421,44.5772162634167
3.679735947189437,44.62136992311443
3.681736347269453,44.665547592415045
3.683736747349469,44.709749271318536
3.685737147429485,44.753974959824916
3.687737547509501,44.79822465793417
3.689737947589517,44.84249836564631
3.691738347669533,44.886796082961325
3.693738747749549,44.931117809879225
3.695739147829565,44.9754635464
3.697739547909581,45.019833292523664
3.699739947989597,45.0642270482502
3.701740348069613,45.10864481357962
3.703740748149629,45.153086588511925
3.705741148229645,45.19755237304711
3.707741548309661,45.24204216718517
3.709741948389677,45.286555970926116
3.711742348469693,45.33109378426994
3.713742748549709,45.37565560721664
3.715743148629725,45.42024143976623
3.717743548709741,45.4648512819187
3.7197439487897572,45.50948513367405
3.7217443488697732,45.55414299503228
3.7237447489497892,45.598824865993386
3.7257451490298052,45.643530746557374
3.7277455491098213,45.68826063672425
3.7297459491898373,45.733014536494004
3.7317463492698533,45.77779244586663
3.7337467493498693,45.822594364842146
3.7357471494298853,45.867420293420544
3.7377475495099013,45.912270231601816
3.7397479495899173,45.95714417938597
3.7417483496699333,46.00204213677301
3.7437487497499493,46.046964103762924
3.7457491498299653,46.091910080355724
3.7477495499099813,46.136880066551406
3.7497499499899973,46.18187406234996
3.7517503500700133,46.2268920677514
3.7537507501500293,46.27193408275573
3.7557511502300454,46.31700010736293
3.7577515503100614,46.362090141573006
3.7597519503900774,46.40720418538597
3.7617523504700934,46.45234223880182
3.7637527505501094,46.49750430182054
3.7657531506301254,46.542690374442145
3.7677535507101414,46.58790045666663
3.7697539507901574,46.633134548494
3.7717543508701734,46.67839264992425
3.7737547509501894,46.72367476095738
3.7757551510302054,46.768980881593386
3.7777555511102214,46.81431101183228
3.7797559511902374,46.85966515167405
3.7817563512702534,46.9050433011187
3.7837567513502695,46.950445460166236
3.7857571514302855,46.99587162881665
3.7877575515103015,47.04132180706994
3.7897579515903175,47.08679599492612
3.7917583516703335,47.132294192385174
3.7937587517503495,47.17781639944711
3.7957591518303655,47.22336261611193
3.7977595519103815,47.26893284237963
3.7997599519903975,47.3145270782502
3.8017603520704135,47.360145323723664
3.8037607521504295,47.4057875788
3.8057611522304455,47.45145384347923
3.8077615523104615,47.49714411776133
3.8097619523904775,47.54285840164631
3.8117623524704936,47.58859669513417
3.8137627525505096,47.63435899822492
3.8157631526305256,47.68014531091854
3.8177635527105416,47.72595563321505
3.8197639527905576,47.771789965114436
3.8217643528705736,47.817648306616704
3.8237647529505896,47.86353065772185
3.8257651530306056,47.90943701842988
3.8277655531106216,47.95536738874079
3.8297659531906376,48.00132176865458
3.8317663532706536,48.047300158171254
3.8337667533506696,48.093302557290805
3.8357671534306856,48.13932896601324
3.8377675535107016,48.185379384338546
3.8397679535907177,48.23145381226674
3.8417683536707337,48.277552249797814
3.8437687537507497,48.323674696931775
3.8457691538307657,48.36982115366861
3.8477695539107817,48.41599162000833
3.8497699539907977,48.462186095950926
3.8517703540708137,48.50840458149641
3.8537707541508297,48.55464707664476
3.8557711542308457,48.60091358139601
3.8577715543108617,48.647204095750126
3.8597719543908777,48.69351861970713
3.8617723544708937,48.73985715326701
3.8637727545509097,48.786219696429775
3.8657731546309257,48.832606249195415
3.8677735547109418,48.87901681156394
3.8697739547909578,48.925451383535346
3.8717743548709738,48.97190996510964
3.8737747549509898,49.018392556286805
3.875775155031006,49.064899157066854
3.877775555111022,49.11142976744978
3.879775955191038,49.15798438743559
3.881776355271054,49.20456301702428
3.88377675535107,49.25116565621585
3.885777155431086,49.297792305010304
3.887777555511102,49.34444296340764
3.889777955591118,49.39111763140785
3.891778355671134,49.43781630901094
3.89377875575115,49.48453899621692
3.895779155831166,49.53128569302577
3.897779555911182,49.57805639943751
3.899779955991198,49.62485111545213
3.901780356071214,49.67166984106962
3.90378075615123,49.71851257629
3.905781156231246,49.765379321113265
3.907781556311262,49.8122700755394
3.909781956391278,49.85918483956843
3.911782356471294,49.90612361320033
3.91378275655131,49.95308639643511
3.915783156631326,50.000073189272776
3.917783556711342,50.047083991713315
3.919783956791358,50.09411880375674
3.921784356871374,50.141177625403046
3.92378475695139,50.18826045665224
3.925785157031406,50.235367297504304
3.927785557111422,50.28249814795925
3.929785957191438,50.32965300801708
3.931786357271454,50.37683187767779
3.93378675735147,50.42403475694138
3.935787157431486,50.47126164580785
3.937787557511502,50.5185125442772
3.939787957591518,50.56578745234943
3.941788357671534,50.61308637002455
3.94378875775155,50.66040929730254
3.945789157831566,50.707756234183414
3.947789557911582,50.75512718066717
3.949789957991598,50.80252213675381
3.951790358071614,50.849941102443324
3.95379075815163,50.89738407773572
3.955791158231646,50.944851062631
3.957791558311662,50.992342057129164
3.959791958391678,51.0398570612302
3.961792358471694,51.08739607493413
3.96379275855171,51.13495909824093
3.965793158631726,51.18254613115061
3.967793558711742,51.23015717366317
3.969793958791758,51.27779222577862
3.971794358871774,51.32545128749694
3.97379475895179,51.37313435881815
3.975795159031806,51.42084143974223
3.977795559111822,51.4685725302692
3.979795959191838,51.51632763039905
3.981796359271854,51.56410674013178
3.98379675935187,51.61190985946739
3.985797159431886,51.659736988405875
3.987797559511902,51.70758812694725
3.989797959591918,51.7554632750915
3.991798359671934,51.80336243283863
3.99379875975195,51.851285600188646
3.995799159831966,51.89923277714154
3.997799559911982,51.94720396369732
3.999799959991998,51.99519915985597
4.001800360072014,52.043218365617506
4.00380076015203,52.09126158098193
4.005801160232046,52.139328805949226
4.007801560312062,52.1874200405194
4.009801960392078,52.23553528469246
4.011802360472094,52.283674538468404
4.01380276055211,52.33183780184722
4.015803160632126,52.38002507482892
4.017803560712142,52.42823635741351
4.019803960792158,52.476471649600974
4.021804360872174,52.52473095139131
4.02380476095219,52.57301426278454
4.025805161032206,52.62132158378065
4.027805561112222,52.66965291437963
4.029805961192238,52.7180082545815
4.031806361272254,52.766387604386246
4.03380676135227,52.814790963793875
4.035807161432286,52.86321833280439
4.037807561512302,52.91166971141778
4.039807961592318,52.96014509963405
4.041808361672334,53.0086444974532
4.04380876175235,53.05716790487523
4.045809161832366,53.10571532190014
4.047809561912382,53.15428674852794
4.049809961992398,53.202882184758614
4.051810362072414,53.251501630592166
4.05381076215243,53.30014508602861
4.055811162232446,53.34881255106792
4.057811562312462,53.39750402571012
4.059811962392478,53.4462195099552
4.061812362472494,53.49495900380316
4.0638127625525104,53.543722507254
4.0658131626325265,53.59251002030772
4.0678135627125425,53.64132154296432
4.0698139627925585,53.69015707522381
4.0718143628725745,53.73901661708617
4.0738147629525905,53.78790016855141
4.0758151630326065,53.83680772961954
4.0778155631126225,53.885739300290545
4.0798159631926385,53.93469488056443
4.0818163632726545,53.983674470441194
4.0838167633526705,54.03267806992085
4.0858171634326865,54.08170567900338
4.0878175635127025,54.13075729768878
4.0898179635927185,54.179832925977074
4.0918183636727345,54.22893256386824
4.0938187637527506,54.2780562113623
4.095819163832767,54.32720386845923
4.097819563912783,54.37637553515904
4.099819963992799,54.42557121146174
4.101820364072815,54.47479089736731
4.103820764152831,54.524034592875765
4.105821164232847,54.573302297987105
4.107821564312863,54.62259401270132
4.109821964392879,54.67190973701842
4.111822364472895,54.721249470938396
4.113822764552911,54.77061321446126
4.115823164632927,54.820000967587
4.117823564712943,54.86941273031562
4.119823964792959,54.91884850264712
4.121824364872975,54.968308284581504
4.123824764952991,55.017792076118766
4.125825165033007,55.06729987725891
4.127825565113023,55.11683168800194
4.129825965193039,55.16638750834784
4.131826365273055,55.21596733829663
4.133826765353071,55.265571177848294
4.135827165433087,55.31519902700284
4.137827565513103,55.36485088576027
4.139827965593119,55.41452675412058
4.141828365673135,55.46422663208377
4.143828765753151,55.51395051964984
4.145829165833167,55.563698416818795
4.147829565913183,55.613470323590626
4.149829965993199,55.66326623996534
4.151830366073215,55.71308616594293
4.153830766153231,55.76293010152341
4.155831166233247,55.81279804670677
4.157831566313263,55.862690001493
4.159831966393279,55.912605965882115
4.161832366473295,55.96254593987412
4.163832766553311,56.012509923469
4.165833166633327,56.06249791666676
4.167833566713343,56.11250991946739
4.169833966793359,56.162545931870916
4.171834366873375,56.212605953877315
4.173834766953391,56.2626899854866
4.175835167033407,56.312798026698765
4.177835567113423,56.36293007751381
4.179835967193439,56.41308613793173
4.181836367273455,56.463266207952536
4.183836767353471,56.513470287576226
4.185837167433487,56.56369837680279
4.187837567513503,56.61395047563224
4.189837967593519,56.664226584064565
4.191838367673535,56.714526702099775
4.193838767753551,56.76485082973787
4.195839167833567,56.81519896697884
4.197839567913583,56.86557111382269
4.199839967993599,56.91596727026942
4.201840368073615,56.96638743631904
4.203840768153631,57.01683161197153
4.205841168233647,57.0672997972269
4.207841568313663,57.11779199208516
4.209841968393679,57.1683081965463
4.211842368473695,57.21884841061031
4.213842768553711,57.26941263427721
4.215843168633727,57.32000086754699
4.217843568713743,57.37061311041965
4.219843968793759,57.42124936289519
4.221844368873775,57.47190962497361
4.223844768953791,57.52259389665491
4.225845169033807,57.5733021779391
4.227845569113823,57.62403446882616
4.229845969193839,57.674790769316104
4.231846369273855,57.72557107940893
4.233846769353871,57.77637539910463
4.235847169433887,57.82720372840322
4.237847569513903,57.87805606730468
4.239847969593919,57.92893241580904
4.241848369673935,57.979832773916264
4.243848769753951,58.030757141626374
4.245849169833967,58.081705518939366
4.247849569913983,58.13267790585523
4.249849969993999,58.18367430237399
4.251850370074015,58.23469470849562
4.253850770154031,58.28573912422013
4.255851170234047,58.33680754954752
4.257851570314063,58.3878999844778
4.259851970394079,58.439016429010955
4.261852370474095,58.490156883146994
4.263852770554111,58.54132134688591
4.265853170634127,58.592509820227704
4.267853570714143,58.64372230317239
4.269853970794159,58.69495879571995
4.271854370874175,58.74621929787038
4.273854770954191,58.797503809623706
4.275855171034207,58.84881233097991
4.277855571114223,58.90014486193899
4.279855971194239,58.95150140250095
4.281856371274255,59.002881952665795
4.283856771354271,59.05428651243352
4.285857171434287,59.10571508180413
4.287857571514303,59.15716766077762
4.289857971594319,59.20864424935398
4.291858371674335,59.260144847533226
4.293858771754351,59.31166945531536
4.295859171834367,59.36321807270037
4.297859571914383,59.41479069968826
4.299859971994399,59.46638733627903
4.301860372074415,59.51800798247268
4.303860772154431,59.56965263826921
4.305861172234447,59.62132130366862
4.307861572314463,59.67301397867092
4.309861972394479,59.7247306632761
4.311862372474495,59.77647135748415
4.313862772554511,59.82823606129509
4.315863172634527,59.88002477470891
4.317863572714543,59.9318374977256
4.319863972794559,59.98367423034518
4.321864372874575,60.03553497256764
4.323864772954591,60.08741972439298
4.325865173034607,60.1393284858212
4.327865573114623,60.1912612568523
4.329865973194639,60.24321803748629
4.331866373274655,60.29519882772315
4.333866773354671,60.34720362756289
4.335867173434687,60.399232437005516
4.337867573514703,60.45128525605102
4.339867973594719,60.50336208469941
4.341868373674735,60.555462922950674
4.3438687737547514,60.60758777080483
4.3458691738347675,60.659736628261854
4.3478695739147835,60.71190949532176
4.3498699739947995,60.76410637198455
4.3518703740748155,60.816327258250226
4.3538707741548315,60.86857215411877
4.3558711742348475,60.92084105959021
4.3578715743148635,60.97313397466452
4.3598719743948795,61.02545089934171
4.3618723744748955,61.07779183362179
4.3638727745549115,61.130156777504745
4.3658731746349275,61.18254573099058
4.3678735747149435,61.234958694079296
4.3698739747949595,61.2873956667709
4.3718743748749755,61.339856649065375
4.3738747749549916,61.392341640962734
4.375875175035008,61.444850642462974
4.377875575115024,61.4973836535661
4.37987597519504,61.549940674272094
4.381876375275056,61.60252170458098
4.383876775355072,61.65512674449274
4.385877175435088,61.70775579400738
4.387877575515104,61.76040885312491
4.38987797559512,61.813085921845314
4.391878375675136,61.8657870001686
4.393878775755152,61.91851208809477
4.395879175835168,61.97126118562382
4.397879575915184,62.02403429275574
4.3998799759952,62.07683140949056
4.401880376075216,62.12965253582825
4.403880776155232,62.182497671768814
4.405881176235248,62.23536681731227
4.407881576315264,62.288259972458604
4.40988197639528,62.341177137207815
4.411882376475296,62.39411831155991
4.413882776555312,62.44708349551488
4.415883176635328,62.50007268907274
4.417883576715344,62.553085892233476
4.41988397679536,62.60612310499709
4.421884376875376,62.65918432736359
4.423884776955392,62.71226955933297
4.425885177035408,62.765378800905225
4.427885577115424,62.818512052080365
4.42988597719544,62.87166931285839
4.431886377275456,62.92485058323929
4.433886777355472,62.97805586322307
4.435887177435488,63.03128515280974
4.437887577515504,63.08453845199928
4.43988797759552,63.1378157607917
4.441888377675536,63.19111707918701
4.443888777755552,63.2444424071852
4.445889177835568,63.29779174478627
4.447889577915584,63.35116509199021
4.4498899779956,63.40456244879704
4.451890378075616,63.45798381520675
4.453890778155632,63.51142919121934
4.455891178235648,63.56489857683481
4.457891578315664,63.61839197205316
4.45989197839568,63.671909376874396
4.461892378475696,63.725450791298506
4.463892778555712,63.7790162153255
4.465893178635728,63.83260564895538
4.467893578715744,63.88621909218813
4.46989397879576,63.939856545023765
4.471894378875776,63.993518007462285
4.473894778955792,64.04720347950368
4.475895179035808,64.10091296114797
4.477895579115824,64.15464645239513
4.47989597919584,64.20840395324515
4.481896379275856,64.26218546369807
4.483896779355872,64.31599098375389
4.485897179435888,64.36982051341256
4.487897579515904,64.42367405267413
4.48989797959592,64.47755160153858
4.491898379675936,64.5314531600059
4.493898779755952,64.58537872807611
4.495899179835968,64.63932830574919
4.497899579915984,64.69330189302516
4.499899979996,64.74729948990401
4.501900380076016,64.80132109638573
4.503900780156032,64.85536671247034
4.505901180236048,64.90943633815783
4.507901580316064,64.9635299734482
4.50990198039608,65.01764761834146
4.511902380476096,65.07178927283758
4.513902780556112,65.12595493693661
4.515903180636128,65.1801446106385
4.517903580716144,65.23435829394327
4.51990398079616,65.28859598685092
4.521904380876176,65.34285768936147
4.523904780956192,65.39714340147488
4.525905181036208,65.45145312319117
4.527905581116224,65.50578685451035
4.52990598119624,65.5601445954324
4.531906381276256,65.61452634595736
4.533906781356272,65.66893210608518
4.535907181436288,65.72336187581587
4.537907581516304,65.77781565514945
4.53990798159632,65.83229344408592
4.541908381676336,65.88679524262525
4.543908781756352,65.9413210507675
4.545909181836368,65.9958708685126
4.547909581916384,66.05044469586059
4.5499099819964,66.10504253281144
4.551910382076416,66.1596643793652
4.553910782156432,66.21431023552182
4.555911182236448,66.26898010128133
4.557911582316464,66.32367397664373
4.559911982396478,66.37839186160895
4.561912382476494,66.4331337561771
4.5639127825565105,66.48789966034812
4.5659131826365265,66.54268957412205
4.5679135827165425,66.59750349749883
4.5699139827965585,66.65234143047851
4.5719143828765745,66.70720337306108
4.5739147829565905,66.7620893252465
4.5759151830366065,66.81699928703482
4.5779155831166225,66.87193325842603
4.5799159831966385,66.92689123942009
4.5819163832766545,66.98187323001706
4.5839167833566705,67.0368792302169
4.5859171834366865,67.09190924001962
4.5879175835167025,67.14696325942522
4.5899179835967185,67.20204128843369
4.5919183836767345,67.25714332704507
4.593918783756751,67.3122693752593
4.595919183836767,67.36741943307644
4.597919583916783,67.42259350049645
4.599919983996799,67.47779157751933
4.601920384076815,67.53301366414509
4.603920784156831,67.58825976037375
4.605921184236847,67.64352986620526
4.607921584316863,67.69882398163968
4.609921984396879,67.75414210667697
4.611922384476895,67.80948424131714
4.613922784556911,67.86485038556019
4.615923184636927,67.92024053940612
4.617923584716943,67.97565470285494
4.619923984796959,68.03109287590662
4.621924384876975,68.0865550585612
4.623924784956991,68.14204125081865
4.625925185037007,68.197551452679
4.627925585117023,68.2530856641422
4.629925985197039,68.30864388520831
4.631926385277055,68.36422611587729
4.633926785357071,68.41983235614914
4.635927185437087,68.47546260602388
4.637927585517103,68.5311168655015
4.639927985597119,68.586795134582
4.641928385677135,68.64249741326539
4.643928785757151,68.69822370155165
4.645929185837167,68.7539739994408
4.647929585917183,68.80974830693282
4.649929985997199,68.86554662402773
4.651930386077215,68.92136895072551
4.653930786157231,68.97721528702618
4.655931186237247,69.03308563292973
4.657931586317263,69.08897998843615
4.659931986397279,69.14489835354547
4.661932386477295,69.20084072825766
4.663932786557311,69.25680711257273
4.665933186637327,69.31279750649068
4.667933586717343,69.36881191001152
4.669933986797359,69.42485032313522
4.671934386877375,69.48091274586181
4.673934786957391,69.5369991781913
4.675935187037407,69.59310962012364
4.677935587117423,69.64924407165888
4.679935987197439,69.705402532797
4.681936387277455,69.761585003538
4.683936787357471,69.81779148388188
4.685937187437487,69.87402197382863
4.687937587517503,69.93027647337827
4.689937987597519,69.98655498253079
4.691938387677535,70.04285750128619
4.693938787757551,70.09918402964448
4.695939187837567,70.15553456760564
4.697939587917583,70.21190911516969
4.699939987997599,70.2683076723366
4.701940388077615,70.32473023910642
4.703940788157631,70.38117681547911
4.705941188237647,70.43764740145467
4.707941588317663,70.49414199703311
4.709941988397679,70.55066060221445
4.711942388477695,70.60720321699866
4.713942788557711,70.66376984138574
4.715943188637727,70.72036047537571
4.717943588717743,70.77697511896856
4.719943988797759,70.8336137721643
4.721944388877775,70.89027643496291
4.723944788957791,70.94696310736441
4.725945189037807,71.00367378936878
4.727945589117823,71.06040848097604
4.729945989197839,71.11716718218618
4.731946389277855,71.17394989299919
4.733946789357871,71.23075661341508
4.735947189437887,71.28758734343387
4.737947589517903,71.34444208305553
4.739947989597919,71.40132083228006
4.741948389677935,71.45822359110748
4.743948789757951,71.51515035953778
4.745949189837967,71.57210113757097
4.747949589917983,71.62907592520703
4.749949989997999,71.68607472244598
4.751950390078015,71.7430975292878
4.753950790158031,71.8001443457325
4.755951190238047,71.8572151717801
4.757951590318063,71.91431000743056
4.759951990398079,71.9714288526839
4.761952390478095,72.02857170754014
4.763952790558111,72.08573857199924
4.765953190638127,72.14292944606123
4.767953590718143,72.2001443297261
4.769953990798159,72.25738322299385
4.771954390878175,72.31464612586448
4.773954790958191,72.371933038338
4.775955191038207,72.4292439604144
4.777955591118223,72.48657889209368
4.779955991198239,72.54393783337582
4.781956391278255,72.60132078426086
4.783956791358271,72.65872774474877
4.785957191438287,72.71615871483958
4.787957591518303,72.77361369453325
4.789957991598319,72.83109268382981
4.791958391678335,72.88859568272925
4.793958791758351,72.94612269123158
4.795959191838367,73.00367370933678
4.797959591918383,73.06124873704486
4.799959991998399,73.11884777435581
4.801960392078415,73.17647082126966
4.803960792158431,73.23411787778639
4.805961192238447,73.291788943906
4.807961592318463,73.34948401962848
4.809961992398479,73.40720310495385
4.811962392478495,73.46494619988209
4.813962792558511,73.52271330441322
4.815963192638527,73.58050441854724
4.817963592718543,73.63831954228412
4.819963992798559,73.69615867562389
4.821964392878575,73.75402181856654
4.823964792958591,73.81190897111208
4.825965193038607,73.86982013326049
4.827965593118623,73.92775530501179
4.829965993198639,73.98571448636596
4.831966393278655,74.04369767732301
4.833966793358671,74.10170487788295
4.835967193438687,74.15973608804576
4.837967593518703,74.21779130781147
4.839967993598719,74.27587053718004
4.841968393678735,74.3339737761515
4.8439687937587514,74.39210102472585
4.8459691938387675,74.45025228290307
4.8479695939187835,74.50842755068317
4.8499699939987995,74.56662682806615
4.8519703940788155,74.62485011505201
4.8539707941588315,74.68309741164074
4.8559711942388475,74.74136871783237
4.8579715943188635,74.79966403362688
4.8599719943988795,74.85798335902427
4.8619723944788955,74.91632669402453
4.8639727945589115,74.97469403862767
4.8659731946389275,75.03308539283371
4.8679735947189435,75.09150075664262
4.8699739947989595,75.1499401300544
4.8719743948789755,75.20840351306909
4.8739747949589916,75.26689090568664
4.875975195039008,75.32540230790707
4.877975595119024,75.38393771973038
4.87997599519904,75.44249714115657
4.881976395279056,75.50108057218564
4.883976795359072,75.5596880128176
4.885977195439088,75.61831946305243
4.887977595519104,75.67697492289015
4.88997799559912,75.73565439233074
4.891978395679136,75.79435787137423
4.893978795759152,75.85308536002059
4.895979195839168,75.91183685826982
4.897979595919184,75.97061236612196
4.8999799959992,76.02941188357696
4.901980396079216,76.08823541063484
4.903980796159232,76.1470829472956
4.905981196239248,76.20595449355923
4.907981596319264,76.26485004942576
4.90998199639928,76.32376961489517
4.911982396479296,76.38271318996746
4.913982796559312,76.44168077464262
4.915983196639328,76.50067236892068
4.917983596719344,76.5596879728016
4.91998399679936,76.6187275862854
4.921984396879376,76.6777912093721
4.923984796959392,76.73687884206167
4.925985197039408,76.79599048435412
4.927985597119424,76.85512613624945
4.92998599719944,76.91428579774767
4.931986397279456,76.97346946884876
4.933986797359472,77.03267714955273
4.935987197439488,77.09190883985958
4.937987597519504,77.15116453976933
4.93998799759952,77.21044424928193
4.941988397679536,77.26974796839744
4.943988797759552,77.32907569711581
4.945989197839568,77.38842743543708
4.947989597919584,77.44780318336122
4.9499899979996,77.50720294088823
4.951990398079616,77.56662670801813
4.953990798159632,77.62607448475092
4.955991198239648,77.68554627108658
4.957991598319664,77.74504206702512
4.95999199839968,77.80456187256655
4.961992398479696,77.86410568771086
4.963992798559712,77.92367351245804
4.965993198639728,77.98326534680811
4.967993598719744,78.04288119076105
4.96999399879976,78.10252104431689
4.971994398879776,78.16218490747559
4.973994798959792,78.22187278023718
4.975995199039808,78.28158466260166
4.977995599119824,78.34132055456901
4.97999599919984,78.40108045613924
4.981996399279856,78.46086436731235
4.983996799359872,78.52067228808835
4.985997199439888,78.58050421846721
4.987997599519904,78.64036015844897
4.98999799959992,78.70024010803361
4.991998399679936,78.76014406722112
4.993998799759952,78.82007203601152
4.995999199839968,78.8800240144048
4.997999599919984,78.94000000240096
5.0,79.0
